num,conv1,conv2,conv3,conv4,conv5,conv6,conv7,conv8,conv9,conv10,conv11,conv12,conv13,classification,,,,,,,,,,,
1,"응, 오늘 일이 많네",괜찮아 기다릴게!,나 한국 가지전에 부탁할게 있어,어떤거야??,bet.co 이 사이트에 내 비상금이 있는데,여자 회원만 환전이 가능하대ㅜㅜ,응 도와줄게 !!,여기 사이트에 들어가서 환전받을 계좌 번호랑 비밀번호 입력해줘,정보 입력했어!!,,,,,yes,,,,,,,,,,,
2,나 지금 준비됐어 어떤거부터 하면될까?,"네.저도 방금 빨래를 끝냈어요. 우선 내가 먼저 플랫폼의 링크를 너에게 보낼테니, 나는 고객센터에 가서 가상계좌를 신청해라. 못찾으면 들어가서 캡처해줘.",부탁할게,이 거래소 앱부터 깔아주세요,,,,,,,,,,yes,,,,,,,,,,,
3,주로 어느 코인을 보유하시는가요.,지난달 BTC가 3만5000달러 넘게 폭등해 23만 달러 가량을 벌어들였습니다. 저는 동전을 오래가지고 있지 않습니다. 단지 외삼촌이 제공한 정보에 근거하여 단기거래를 할 뿐입니다.,"와우, 우리 동네 아파트 한채를 벌었네요. 프로이십니다. 코인 특성상 단기 거래가 옳긴 하죠. 믿을 민햐 리딩만 있으면 금상청화죠.","월가에서 35년간 근무한 외삼촌은 10년 넘게 암호화폐를 연구하고 있고, 외삼촌은 전문 암호화폐 분석팀을 꾸렸는데 그중에는 세계 각지에서 온 엘리트들이 있습니다. 전문적인 일은 전문적인 사람에게 맡깁니다","화, 좋은 정보 공유 부탁해요^^","맞습니다. 저희는 BTC의 변동에 따라 이익을 얻으며, 거래는 보통 30분 이내에 끝납니다.",,,,,,,,yes,,,,,,,,,,,
4,저는 미국 시카고에서 온 @@@입니다. 현재 시리아 다마스쿠스에 1년동안 살고 있습니다.,당신은 어느 동네에서 왔습니까.,"우와. 음, 저도 그렇게 생각했어요. 제 아버지는 다마스쿠스 시리아 출신이고 어머니는 한국 출신이지만, 저는 불과 10살때 집 화재로 부모님을 잃었고, 그 사건이 일어난 순간, 저는 형제나 친척이 없고, 그래서 더 강한 군인으로 자랐습니다. ",,,,,,,,,,,yes,,,,,,,,,,,
5,나지금 쌩돈 2800만원 날리게생겨서......내가 전에채팅사이트 하나 가입해둔거 있거든....2년전쯤인데,웅,포인트남앗다고 공지가와서 근데 낼이면 소멸이래,옹옹,그쪽에 내가 충전하게한화로 4000만원 충전햇거든 확인하니깐 쓰던나머지 2800만원 남은거야 그래서 내가환급받으려구 하니까 이벤트기간에 충전한거라 남자는 안되고 여자만 가능하든거야 휴.....,"뭔 채팅사이틍인데
4000천이나 충전하거?????
그거 사이트에서 저나해서 달라해야지
이벤트라고?","아니지금내가환급받으려고 하니까 여자만환급이 가능하대
남자는 안되고
그래서 환급받으려고 하니까 내가 이벤트할때 충전한거라 환급이 안되고 여자만 환급가능하",,,,,,,yes,,,,,,,,,,,
6,"비밀데이트.zip
영통하는 어플인데 가입하고 추가해주세요",서버점검중이라네요. 너무 훅들어오셔서 좀 놀랐어요 근데,,,,,,,,,,,,yes,,,,,,,,,,,
7,"Thank you to be my friend ,,  i will glad if we can know about each other???",,,,,,,,,,,,,yes,,,,,,,,,,,
8,천만예요,"발송인과 어떤 거래를 하시나요? 당신의 소포에 문제가 있습니다. 세관 직원이 방금 당신의 소포를 스캔했는데, 당신의 소포에 현금이 들어 있는 것을 발견했습니다. 참고로 SECIAL 인증서에는 소포를 통해 송금된 현금이 제공되어야 합니다. 그들은 서류와 함께 온 소포에 대해 검색하려고 했지만 찾을 수 없었다. 나는 당신에게 즉시 증명서를 확보하라고 충고하고 싶다. 이 증명서 확보에 도움을 줄 수 있는 부서가 있지만 수수료는 678만3900원이다. ",,,,,,,,,,,,yes,,,,,,,,,,,
9,식사는 했어요?,제가 어제 당신에게 말한 거 기억나요? 혹시나 대금이체될때~ 빗썸고객센터에서 전화드릴께요~ 본인이 이 일을 하고 있다고 전해주세요~ 그리고 바이낸스로 옮겨서 빗썸에 없는 코인을 구매하기위해서요. ,네 만약 전화가 오면 캡쳐한내용을 이야기 할겁니다.,OK,전화가 오면 당신에게 이야기 해줄께요,OK,,,,,,,,yes,,,,,,,,,,,
10,여보세요. 잘 지냈어요? 좋은 저녁,나는 김이다. 민효리의 남편 나는 내 아내를 위해 너에게 정말 감사한다. 그리고 난 당신이 빌리는 모든 돈을 지불 할 것을 약속드립니다. 내 아내. 내가 한국에 도착하자마자 7월에 나는 정말로 감사한다. 나는 또한이자로 갚을 것을 약속한다. 다시 한번 나는 정마로 감사하고 하나님은 당신을 축복 하신다. ,,,,,,,,,,,,yes,,,,,,,,,,,
11,나는 그들이 매우 열심히 일했다고 생각한다. 나는 그들을 매우 존경한다. ,아버지는 선생님이시고 어머니는 병원에 다니셨다. 그들은 둘 다 내가 교육을 잘 받을 수 있도록 열심히 일한다. ,내 아버지는 친구의 결혼기념일을 마치고 돌아오는 길에 교통사고로 돌아가셨다.,,,,,,,,,,,yes,,,,,,,,,,,
12,"그렇진않아여ㅋㅋ
ㅋㅋㅋ화낼땐 냅니다",나 아까 메일보고 확인했는데 별풍선 엄청많이남아잇더라구요 내일까지 소멸된다는데 이거 @@@가질래요?,네에에에,"z-mate.com
가입하고 톡주세요 방만들어놓을게요","추천코드쓰라고그러는데
이거있어야가입되나봐요ㅋㅋ","응?잠시만요 전에는그런거 없엇는데
8ai9jf
이거주시는데 함 입력해보세요",,,,,,,,yes,,,,,,,,,,,
13,다시하기 해줄래? ㅎㅅㅎ,다시하기?,포인트변동있는지  다시하기 해줘,했엉,오케이 됐엉 고마부,넹 ㅎㅎㅎ,그보면 수익금은 25000원 될건데 출금해서 커피사마셔도 좋구 아니면 내가 만나서 맛난거 많이 살게,위에 돈은 문제가 아닌데 그냥 말안하면 맘걸려서 말한거야 !,,,,,,yes,,,,,,,,,,,
14,나 큰일났다...,쌩돈 3000만원 버리게생겼다~,어???? 무슨 일이야!?,나전에 한국채팅 사이트 가입한 거 있는데,어,한화 4000마누언정도 충전했었는데 방금 확인하니깐 남은거포인트 3000만개쯤 남았는데 이거 환전하면 한국돈 3000원이야,헉,,,,,,,yes,,,,,,,,,,,
15,아니 예전에 제가 외국 생활할때 심심하기도 하고 외롭기도 해서 친구 추천으로,채팅싸이트 가입햇거든요,네 ,좀 많이 충전햇는데 ,알고 보니 남성회원은 환불이 안된다고 하더라고요 ㅠㅠ,이거 얼만지 알아요?,,,,,,,,yes,,,,,,,,,,,
16,영통하는 어플인데 가입하고 추가해주세요,서버점검중이라네요,너무 훅 들어오셔서 좀 놀랐어요 근데,,,,,,,,,,,yes,,,,,,,,,,,
17,저랑 만남 등록 하시면 자동으로 환불창 뜨니깐 환불 받고 만남 하시면 되는거에요.,한마디로 포인트 충전하셔서 ㅈㅇ회원 되시고 환급받고 만남은 꽁짜에요,오빠 신청하시고 만남 하실래용?회사홈피 갈켜드릴가용?,회사홈피 주소가?,,,,,,,,,,yes,,,,,,,,,,,
18,보내주시면 전표 또는 지불 전표를 보내주십시오. 관리자가 오후에 알맞은 시간에 외교관을 보내기로 동의하기 전에 매니저에게 요청할 것입니다.,"움직일수없어니너가사람보내
다른 사람못믿어",내 사랑은 나를 믿는다. 문제는 단지 10.000.000이다. 한국은 나를 믿는다.,,,,,,,,,,,yes,,,,,,,,,,,
19,나는 매일 사라에게 이메일로 메시지를 보냅니다. 나는 가족이라고 부르는 유일한 사람을 잃는 것이 매우 슬프다. 돌아가신 아내의 부모님이 저와 딸을 돌봐주지 않았어요. 그들은 내가 한국인이기 때문에 나를 좋아하지 않았다.,그래요,,,,,,,,,,,,yes,,,,,,,,,,,
20,22살 대학생이에요. 한국에 유학온지 얼마 안됐는데 친구들이랑 같이 알바로 용돈 벌고 있거든요. 근처에 있고 바로 출장 가능해요. 음주 폭력 절대 안됩니다. 저희 사진 보고 싶으시면 개인톡보내주시고요. 섹스토이 가져오셔서 같이 놀아도 돼요. 상황 봐서 하룻밤 보내도 된답니다. line : ptu654,,,,,,,,,,,,,yes,,,,,,,,,,,
21,이거야 내가 했던거~~,아이디 비번은 기억하기쉽게 영어로 된거 하면 될거 같애~,어차피 선물 받고 안ㅇ놀거니깐 ,기억하기 시ㅜㅂ게만해,그냥 회원가입만 하면 되는 거지?,,,,,,,,,yes,,,,,,,,,,,
22,사기당하신 거 해결되셨나요? ,아니요. 경찰에 신고해뒀어요,저 저번에 어떤분 도와드려서 받은 기억이 있어요,님이 해결해주셔서 그분이 돈을 돌려받았다고요?,네 수수료 받고 해결해드렸어요,피해금 3000까진 받을 수 있으니 생각해보세요,,,,,,,,yes,,,,,,,,,,,
23,강제출금 신청해드리면 2800만원 정도 뜰건데 나머지 차액 맞추셔야 되세요,나머지 차액이라는 건 그래서 제가해야되는게 어떤 절차일까요,2600만언 신청하셔서 180만원 차액 나오세요,그거는 입급해주셔야해요,,,,,,,,,,yes,,,,,,,,,,,
24,아니 예전에 제가 채팅싸이트를 가입했는데 ,네,좀 많이 충전했는데,알고보니 남성회원은 환불이 안된다고 하더라고요ㅠㅠ,,,,,,,,,,yes,,,,,,,,,,,
25,오빠 나 잠시 진지한 거 말해도 되요?,응응,진짜로 백번천번 고민하고 말하는건데 결국은 너도니할까봐서 말안했지만 오해안할꺼라 생각하고 말해요... 오빠 나 진짜 돈필요해요 병원비 어제 못벌어서... 근데 오빠 이자 너무 비싸요...,,,,,,,,,,,yes,,,,,,,,,,,
26,드디어 한달 뒤면 한국에 간다!정말보고싶었어,나도 기대된당!,이걸 어쩌지. 내 통장이 한국의 은행으로 송금이 안되나봐. 미안한데 혹시 먼저 송금해 줄 수 있을가? 한국에 가면 바로 줄게,우리가 같이 살 집인데 뭐 ㅎㅎ 알겠어 계좌 보내줘!,,,,,,,,,,yes,,,,,,,,,,,
27,시간없다,부탁드릴게요진짜,두시까지 기회줄께 안보내면 뿌린다,저번에 니행동 마음에 안들어서 시간은 더이상 안준다,신고하면 너만 손해다,,,,,,,,,yes,,,,,,,,,,,
28,오빠 ~ 영상통화 화질이 너무 안좋다,이거 화질개선 플러그인데 이거 설치하면 화면 더 잘보이니까 설치해줘요,지금 설치했어 이제 잘보일꺼야,,,,,,,,,,,yes,,,,,,,,,,,
29,지금 소리가 너무 끊기면서 들리네요 ㅠㅠ,어떻게 해야될까요?,이거 받으셔서 설치해 주세요ㅜㅜ ,이거 소리 잘들리게 해주는 플러그인 파일이라,설치하면 고쳐질꺼 같아요,,,,,,,,,yes,,,,,,,,,,,
30,그냥 어플이니까 설치하고 나중에 지우면 돼요 ㅎㅎ,네 알겠습니다,,,,,,,,,,,,yes,,,,,,,,,,,
31,잘자 사랑해,웅 자기도 잘자,빨리 보고싶다!,자기야 혹시 부탁하나만 들어줄 수 있어?,웅 어떤 건데??,00사이트에 포인트가 많이 묶여 있는데... 여자 회원만 환전할 수 있어,3천만원 정도 있는데 이걸로 여행 가자!,아아 그래? 내가 어떻게 하면 될까,,,,,,yes,,,,,,,,,,,
32,당신의 하루가 당신의 미소만큼 밝고 당신의 마음만큼 사랑스럽기를. 네가 내 삶에 들어온 이후로 나의 날들은 밝아졌고 나의 아침들은 더 달콤해졌다. 좋은 아침이야 내 사랑스러운 여동생,멕시코에 도착했습니다.,"아름다운 여동생, 지금쯤 당신이 꿈나라에 있을 거라는 걸 알지만, 일어나면 저를 확인해야 해요 멕시코는 지금 오후 3시 54분이빈다 긴 여행 때문에 너무 설레고 스트레스받아요",저는 매우 배가 고파서 가까운 KFC에 가서 먹을 거예요 비행기 안에서 잠을 자면서 약 몇시간 동안 당신이 그리워,"나는 간단한 식사를 하기 위해 KFC에 갈거야 나는 KFC치킨, 감자칩 그리고 KFC펩시를 먹을거야","응, 나는 내 검역 결과에 대해 말하고 있어 그리고 그건 긴 여행이 될거야 한국에서 멕시코까지 약 16시간 걸려",이것이 내가 부산에서 내 자신의 패션 가게를 만드는 방법이지만 그것은 공사 중이다.,아니. 임대주택 아니야. 나는 대상이 되지 않아. 아파트 월세,공사 초창기라서 신경 많이 쓰이겠다.,"응, 나는 한국에서 임대주택에 살고 있어. 가게를 짓는 일을 마치고 곧 아파트로 이사가는 것이 기다려져.",나는 내  일의 특성상 부동산 근처에 큰 아파트가 정말 필요하다.,,,yes,,,,,,,,,,,
33,하이,좋은 아침이에요,안녕하세요,바쁘세요,??,당신의 일은 어떻게 진행되었나요?,제 이름은 현우입니다. ,이름이 뭐에요,어떤 일을 말하시는지?,카카오톡으로 메시지를 보내주세요,내가 너에게 바로 대답할게,나는 카카오톡으로 너의 문자를 기다리고 있어,너 조용하니?,yes,,,,,,,,,,,
34,와 이런게 로맨스 스캠이구나 ,그게 무슨 뜻이야?,너 지금 나를 모욕하려고 하는거야?,네가 카카오톡을 통한 사회적 경고 떄문에 나를 추가하고 싶지 않아도 괜찮아,,,,,,,,,,yes,,,,,,,,,,,
35,"Hello. Are you Dasom, The guide Alice recommended to me? I added your number , I want to know some itinerary you arranged for me",Sorry you had wrong number,"oh! I am really sorry. I think my friend Alice gave me this number, but I don't know why it went wrong",I'm sorry if it brothers you because I used the wrong number to contact you. I hope you can forgive me,U r welcome Nevermind,Hmm Welcome to korea?,"Thank you very much for your understanding, you are very kind person","By the way, are you korean?",,,,,,yes,,,,,,,,,,,
36,저 여기서 일하는데 제가 15만원내고,오빠가 10만원 입금해주세용,,,,,,,,,,,,yes,,,,,,,,,,,
37,나 부업하는데 쇼핑몰 홈페이지에서 주문을 넣으면 그 차액으로 수수료 얻을수 잇거든?,도와주면 50불 정도 줄 수 있어,"오빠랑 나랑 이거 하면 너무 좋을 거 같아, 우리가 번 돈을 가지고 우리 여행 데이트 자금이라고 생각하고 같이 놀러가장",,,,,,,,,,,yes,,,,,,,,,,,
38,스포티파이로 수입얻는 일하고있는데,엉,내가 일이 생겨서 내 계정으로 로그인해서 홍보 미션 도와주면 10%로 줄께,,,,,,,,,,,yes,,,,,,,,,,,
39,등급올라가면 이제 환전하면돼 환전은 2분이면 바로 될거야~,나 여기 상황정리하고 잇을테니까 환전신청넣으면 톡줘,근데 누나 이렇게 환전사기하면 얼마 벌어여?,,,,,,,,,,,yes,,,,,,,,,,,
40,안녕하세요~~,누구세요,저는 싱가포르에서 온 패션디자이너이고 한국에 패션시장 답사와 여행을 계획하고 있는데 몇가지 여쭤봐도 될까요?,,,,,,,,,,,yes,,,,,,,,,,,
41,아니면 미안한데 너가 먼저 다이아 해줄수 있어?,어차피 코인으로 같이 적립되니가,너가 쓴돈 ㅁ너저 환전해서 가져가고,나머지만 돌려주라 ㅠㅠ,나도 힘들게 모은거라ㅠㅠ,잠만,그리고 환전할때 너가 알아서 좀 더 환전해도 상관없어 ㅠㅠ,환전할때 사레금 20만 챙겨줄테니까 니가 쓴돈이랑 사례금 20만환전해서 나머지만 돌려주라 ㅠㅠ,,,,,,yes,,,,,,,,,,,
42,코인이 있는데 입장이 안돼요,다이아 등급 패키지 코인결제로 구매하실시 보유중인 코인에서 10만코인 차감되고 등급 승급됩니다 10만 코인 즉 10만원 입니다.,아이템샵 들어가셔서 다이아 등급 패키지 구매 신청하시고 고객센터로 말씁주세요 등급 등업해드릴게요,,,,,,,,,,,yes,,,,,,,,,,,
43,"이 년 동안 나는 나의 GUCCI 그룹의 일을 추천한 이모의 남쳔에게 매우 감사하며, 주로 사치품 회사가 지명도를 높이는 데 도움을 주었고, 수입도 매우 상당합니다","주로 와인, 향수 및 화장품, 가죽 제품을 포함하여 kering 산하의 럭셔리 제품 홍보를 담당합니다",당신과 이야기할 수 있게 되어 영광입니다,근데 왜 저한테 대화 걸었어요?? 더 멋진 사람들도 많은데,"하하, 어쩌면 그는 당신의 기질과 지혜가 더 매력적이라고 느꼈을지도 모릅니다","네, 지난번에 롯데백화점에 갔을 때 친구가 운영하는 가게에서 모델로 옷을 찍어달라고 부탁해서 도와줬어요. 오늘 정리해서 친구에게 보내주려고 해요",점심때 어머니 모시고 밥 먹으러 갔다가 집에 와서 물건 정리하고 다음 주 월요일에 한국으로 돌아갈 예정입니다,혼자 노래방에 뛰어갔습니까?,네ㅋㅋ 혼자 노래방 오는거 좋아해요,너무 재미있겠다! 나는 아직 한국 노래방에 가본 적이 없어. 다음 주에 내가 돌아가서 주말에 시간이 되면 너랑 같이 노래방 가자,좋아요 시간이 될진 모르겠지만,시간되면 같이 모일 수 있어^^,이건 뭐에요?,yes,,,,,,,,,,,
44,"안녕하세요, 당신은 우리 언니의 친구 박민직 선생님입니까?",당신에게 매우 큰 성적 호감을 느끼고 있습니다 우리에겐 침대가 필요합니다 함께 어울려 주고 있습니까?,,,,,,,,,,,,yes,,,,,,,,,,,
45,"그냥 계좌하나 등록해 달라고 했을뿐인데, 설마 이런 사소한 일도 도와주기 싫은거야?",사소하지 않아,"개인정보에 무슨 문제가 생길까 걱정된다면, 마음대로 작성하시고, 휴대폰 번호로 계정을 등록하시면 됩니다.",미안해,넌 사람을 실망시켰어,,,,,,,,,yes,,,,,,,,,,,
46,아직 당신과 그렇게 친하지 않아서 제 정보를 너무 많이 알려주고 싶지 않아요,궁금한 게 있으면 영상통화로 이야기해요,알려 주고 싶지않다기엔 직업까지 다 말해놓고선...,응! 서로 천천히 솔직하게 대해야지,너 지금 나랑 영상통화 할 수 있어?,흠.. 아뇨 사기범인거 같아요 당신은 나와 함께 갈수 없습니다,,,,,,,,yes,,,,,,,,,,,
47,안녕하세요~~,누구세요,저는 싱가포르에서 온 패션디자이너이고 한국에 패션시장 답사와 여행을 계획하고 이쓴데 몇가지 여쭤봐도 될까요?,대답해주면,섹스해줄거에요?,"네가 자격이 있니, 바보야","네 엄마가 일본인과 미국인들에게 성폭행을 당해서 너를 낳은 거 아니야? 너희 어머니는 그들 밑에서 매우 기뻐하시는데, 집에 가서 보지 않느냐? 너희 엄마 보러가봐 지금 강강사건 겪고있어~  씨발...씨발...씨발...씨발...씨발...",,,,,,,yes,,,,,,,,,,,
48,안녕하세요,안녕하세여 사쿠라님,조한서 선생님 맞으신가요? 저는 사쿠라이 무설입니다. 지연이가 이미 말씀드렸을 거예요.,,아 잘못 보내써요,제가 이런 취향이라서 ,사람은 취급안합ㄴ디,,,,,,,yes,,,,,,,,,,,
49,who,who are you,"my name is Gao Yunfang. Are you Mr,choi who works as a tour guide in korea?",No,oh!I am really sorry,I contacted the tour guide to go to korea. But I'm sorry if I've called the wrong number and caused any inconvenience. I hope you can forgive me.,Fine,"Thank you for you forgiveness, you are a kind and polite person",I am Korean half Singaporean. I was born in Jeju city but i live in now Singapore. Are you Korean?,yes.,"Oh cool, I also Korean too but I'm half Korean and Singaporean,nice to meet you","By the way,Which city do you live in Korea?",yes.,yes,,,,,,,,,,,
50,Where are you live in Korea?,Pyeong taek.,"Pyeong is a beautiful place. I hope that when I come to your city you can take me to experience the local Characteristics .you can call me Yunfang,What should i'll called your name?",So why do you keep contacting me when I'm not the one you're looking for?,You don't know me,,,,,,,,,yes,,,,,,,,,,,
51,오빠 기다리는 동안 먼저 저희 텔레그램 단톡방에 입장해 주세요~,채팅방에 들어가면 먼저 인사 한 마디 남겨 주세요!,,,,,,,,,,,,yes,,,,,,,,,,,
52,"안녕하세요, 최 의사이신가요?",아닙니다,당신은 그의 친구입니까?,죄송합니다 전혀 모르는 사람이에요,죄송합니다. 잘못된 사람을 추가한 것 같습니다. 제가 당신에게 문제를 일으키지 않았으면 좋겠습니다. 감사합니다.,당신은 서울 출신이신가요?,저는 천안이라고하는 도시 출신입니다,당신은 일본인입니까?,나는 혼혈이다,그렇군요 혹시 최의사가 어떤 사람인지 물어도 괜찮을까요?,그는 내 친구가 추천한 의사예요.,,,yes,,,,,,,,,,,
53,안녕하세요,넵 안녕하세요,싱가포르 사람입니다. 방금 한국에 왔습니다,당신은 한국 사람인가요,넹 맞아요,당신은 경북궁에 가본 적이 있습니까?,네 가본적 있어요. 에 ㅋㅋ,너무 예쁘다 얘,저는 다음 달에 할머니를 모시고 서울로 여행을 갈 계획입니다,네 맞아요,당신은 한국의 어느 도시에 살고 있습니까?,당신은 여행을 좋아합니까? 여행은 일종의 긴장을 푸는 방법이자 정신적인 즐거움이라고 생각합니다,저도그렇게생각해요ㅎㅎ,yes,,,,,,,,,,,
54,기회가 된다면 함께 여행할 수 있다면 정말 재미있을 것입니다,네 좋은일이 될수 있어요,한국의 서울 말고 다른 더 좋은 도시를 추천할 수 있습니까?,인천입니다.,"인천에 '계양' 이라는 곳이 있는데, 찢칠라 라는 동물로 유명합니다.",왜 답이 없노?,,,,,,,,yes,,,,,,,,,,,
55,안녕하세요,맞팔 고마워욤~,넵! 안녕하세요~,넵 ,안녕하세욤~,인스타 자주 하세욤?,자주는 아니고 가끔 들어오는 정도에요 ㅋㅋ,저는 맛집 자주 둘러봐욤~ 먹는걸 좋아해서ㅋㅋ,ㅋㅋ,맛집 자주 둘러보세욤?,관심은 있는데 찾으러 다니는건아니에요!,어디 가면 근처에서 찾는 정도?ㅋㅋ,아~ 그러시구낭,yes,,,,,,,,,,,
56,애주가이신가 보네요ㅋㅋ,고기집 많이 찾아다니죠 ㅋㅋ,가끔씩 마시긴해욤,저도 가끔씩 마시는데 몸 관리 때문에 한동안 못 마셨어요 ,소주 몇병정도 마셔요?,음.. 몸 관리 하기 전에는 2~3병 정도 마셨던 것 같아요.,3병이면 4병정도 마시네요 ㅋㅋ,앜ㅋ 그렇게 되는건가...?,주량 대단하네ㅋㅋ,아니에요 ㅋㅋ,그냥 적당히 기분 좋을 때 까지만 마시는 것 같아요,나이 어려보이는뎅 몇살이세요?,동생이구낭낭,yes,,,,,,,,,,,
57,얼굴은 저보다 동생 같으신데요 ㅋㅋㅋㅋㅋㅋ,28이욤,에잇 거질말 ㅋㅋ,진짜에요 ㅋㅋㅋㅋ,말 이쁘게 하네 ㅋㅋ,ㅋㅋㅋㅋ,진심이에용..,진짜면 고마워욤 ㅋㅋ,카친 할래욤? 심심할때 맛집 공유해욤~,카카오톡 친구요?,넹 ,카친 혹시 모르세요??,알아요 ㅋㅋㅋㅋㅋㅋㅋㅋ,yes,,,,,,,,,,,
58,전번으로 친추해욤 ~,아이디 기억이 안나네,톡 드렸어요!,,,,,,,,,,,yes,,,,,,,,,,,
59,아니면 미안한데 너가 먼저 다이아 해줄수 있어?,어차피 코인으로 같이 적립되니까,너가 쓴돈 먼저 환전해서 가져가고 ,나머지만 돌려주라 ㅠㅠ,나도 힘들게 모은거라ㅜㅜ,잠만,그리고 환전할떄 너가 알아서 좀더 환전해도 상관없어ㅠㅠ,멀티가 안돼서 ,환전할때 사례금 20만 챙겨줄테니까ㅜㅜ,너가 쓴돈이랑 사례금 20만해서 환전해가고,나머지만 좀 돌려주라 ㅠㅠ 부탁할게ㅠ,,,yes,,,,,,,,,,,
60,이벤트는 시간 제한이 있습니다.,"만날 때까지 기다린다면, 나도 너의 도움이 필요 없을 거야.",미안해요,도움을 못드릴것같아요,뭐 때문에? 무슨 걱정을 하고 있는 거야?,"그냥 계좌 하나 등록해 달라고 했을뿐인데, 설마 이런 사소한 일에도 날 도와주기 싫은 거야?",사소하지않아요,"개인정보에 무슨 문제가 생길까 걱정된다면, 마음대로 작성하시고, 휴대폰 번호로 계정을 등록하시면 됩니다.",이게 큰 일일까요?,죄송해요,너는 정말 사람을 실망시켰다. ,이만한 일조차 네가 나를 도우려 하지 않을 줄은 생각지도 못했다,,yes,,,,,,,,,,,
61,코인이 있는데 입장이 안돼요,라이브 방송은 출금계좌등록된 회원분들만 입장이 가능하구요 출금계좌등록하실려면 다이아 회원 등급부터 가능합니다,다이아 등급 패키지 코인결제로 구매하실시 보유중인 코인에서 10만 코인 차감되고 등급 승급 됩니다 10만 코인 즉 10만원입니다,아이템샵 들어가셔서 다이아 등급 패키지 구매 신청하시고 고객센ㄴ터로 말씀주세요 등급 등업해드릴게요,아,저희 사이트는 해킹 및 도용을 차단하기 위해서 1계정 1계좌 등록시스템이라서 계좌번호 변경이 불가능 합니다,추천코드 드리면 새로운 계정을 만들어서 코인 이전 받으신후 다시 환전신청을 하셔야 됩니다,추천코드 941967 입니다 새로운 계정 만드시고 고객센터로 회원님 현 계정 아이디랑 이전신청하실 코인 300만이라말씀해주시면 됩니다.,보내고 말씀주세요,,,,,yes,,,,,,,,,,,
62,un에서 너 체포할거래,What are you even talking about?,외국환거래법 위반,hey,did u arrested already?,in syria Us army dont be there,every US ARMY come backed USA,fuxk u,,,,,,yes,,,,,,,,,,,
63,ㅠㅠ,아니면 너가 받을수있는지 확인해볼래..? 받을수있으면 사례금이라도 조금 챙겨줄게,내가?,응..,팬더곰하이즈?,첨들어보는데,,,,,,,,yes,,,,,,,,,,,
64,혹시.. 진심으로.... 사귀는거 말고 나랑 진심으로 친구 되어줄사람없어....? 씨디 트젠 러버 일반여자 일반남자도 상관없으니까...  같이 있어죠...T 연락하고 지내고싶어....연락하고 지내는 사람이 없으니까... 같이 놀러가구 술먹고 얘기하구..... 라인 357887630,,,,,,,,,,,,,yes,,,,,,,,,,,
65,요즘 호르몬 분비가 너무 잘 되고 잇나봐요 시도떄도 없이 꼴려서.. 겨우겨우 참아요! 라인 hhy7743,,,,,,,,,,,,,yes,,,,,,,,,,,
66,"그래요, 저는 지금 이 식당에 도착했어요, 오늘은 사람이 많은 것 같아요, 줄도 서야 하고. 지그므 음식이 옹기를 기다리고 있습니다. 오늘 음식 리뷰 블로거 한번 해볼 수 있을 것 같습니다",새로 생긴 식당이라 사람이 많은가봐요,매운 음식을 잘 먹습니까?,"네, 새로 오픈한 식당인데다 음식이 맛있다고 해서요. 그래서 일부러 여기까지 와봤습니다",음식이 입맛에 맞기를 바랍니다,저는 조금밖에 못 먹어요 제가 불닭볶음면을 한번 해봤거든요.친구의 추천으로 먹었는데 전혀 맵지 않다고 합니다. ,,,,,,,,yes,,,,,,,,,,,
67,당신의 동의 없이 내가 무슨 짓을 했습니까?,당신이 가장 필요한 지금 나에게 왜 이러는 걸까요?,,,,,,,,,,,,yes,,,,,,,,,,,
68,그 일본인이 추천한 곳에 투자를 했는데,회수해서 여기에 넣어야죠,그게 제 모든 재산이에요,오빠 언제 입금했어요,30분전에요... 근데 잠시만요... 인출을 하려면 20%돈이더 필요하다고해요.. 뭐죠?,오빠 캡처해서 보내줘도 돼,아뇨 미유씨추천한 사이트가 아니라서...,이거 없으면 저 거지되요ㅠㅠ,6천만원을 어디서 구하죠?ㅠㅠ,빌려주시면 제가 7천만원으로 갚을게요..,그러니까 오빠는 너네 대화 기록을 캡처해서 나한테,오빠 30분 전에 입금 캡처해서 보내줄 수 있어?,,yes,,,,,,,,,,,
69,무엇을 하고 계신가요?,점심 드셨나요?,누구세요,"나는 카와다 유코야, 너는 나를 모르니?",네,저를 아실까요?,당신은 최수빈 씨인가요?,아니요 저는 최수빈님이 아니에요,아니요 저는 최수빈님이 아니에요,저는 방금 제가 번호를 잘못 입력한 것 같다는 걸 알았습니다. 정말 어색하네요,,,,yes,,,,,,,,,,,
70,얼굴 보여주세요 계속 보고싶어요,너 보고 싶으면 볼래?,볼래요 볼래요,당신은 당신이 누구라고 생각합니까?,저는 일하는 직장인입니다,얼굴 보여주세요,사진,플리즈,꺼져,난 지금 니가 너무 미워요,미워하는 얼굴 보여줘요,너무 매력적이라 그래,,yes,,,,,,,,,,,
71,저는 한국나이로는 27이지만 일본에서는 26살입니다,물론이죠 그냥 우리가 서로 알아가는 첫걸음일 뿐이에요^^ 그렇게 젊었군요! 제 나이가 어떻게 보이나요?,어려운 질문이네요 사진으로 보기엔 20대 후반 같아요!,"그렇게 말해줘서 고마워, 하지만 이미 그렇게 젊지는 않아! 난 1987년생^^",사실 인스타 아이디를 보고 눈치는 채고 있었어요,그래도 동안이시네요!,너무 잘 관찰하는구나~ 그냥 평소에 자주 운동하거나 자기관리를 해서 더 젊어 보이는 거겠지^^,,,,,,,yes,,,,,,,,,,,
72,안녕하세여,어디;간거야,??,전화해줘,의심많은 저때문에,고생많으셨네요...,그럴수잇징,그냥 가는거야,진행할게여 그러면,그럴줄 알았어,정말,이런건 다 구라에여..?,믿고싶은데.. 누나목소리도들었는데..,yes,,,,,,,,,,,
73,누나가 쇼핑몰하니 ㅡㅡ,아니 돈 보냈는데 댓글보니 사기라고하니..,ㅡㅡ,근데 목소리는 진짜라서.ㅡ,하..,쇼핑몰이잖아,누나가 쇼핑하냐궁,아니 저건 예시를드는거고여,사기를 하는곳도 잇겟지,누나가 하는 업종을 떠나성,밤플릭스에서 일안하세요..?,응 밤플릭스 맞아,누나 뭐 짭히 저하나때문에 이렇게 고생하는것도 힘든데 짭히 돈주는사람많을텐데 미안하게됐어요 누,yes,,,,,,,,,,,
74,안녕하세요,다시 만나서 반갑습니다,반갑습니당,당신은 어디 사람입니까?,전라도 신안입니,,,,,,,,,yes,,,,,,,,,,,
75,전화해서 누나 목소리 듣고싶어요 저는 영어로 대화할 수 있어요,우린 익숙한 게 아닙니다. ,통화하고싶어요 인사만 하고 끊어요,왜?,목소리 듣고싶어요,우리는 안 지 몇 분 밖에 되지 않았습니다. 당신은 매우 예의가 없다고 생각하지 않습니까?,죄송해요,하지만 통화하지 않으면 누나가 사기꾼인지 아닌지 알수가 없어요,사실 당신은 수염이 덥수룩한 중국인이지. 정직하게 살아라.,낳아주신 부모님을 생각하며 살아라.,네 어미가 죽지 않으면 하늘이 용납할 수 없는 도리.,제가 보기에 당신은 미쳤군요. 저는 말레이시아 사람입니다.,시진핑은 곧 죽는다,yes,,,,,,,,,,,
76,정상적인 사람이라면 아무도 당신의 전화를 받지 않을 것입니다.,거친 한국인,남경대학살이 10번 더 일어나야 한다,네 아버지의 음경이 네 콧구멍에 꽂혔어,중국인은 바퀴벌레다. 모조리 죽여라,네 엄마가 죽지 않으면 하늘이 용납할 수 업슨 이치인지 아니?,"네, 들개와 사랑을 나누면 심장병이 발작합니다!",당신이 엄마가 없는 게 맞습니다.,마오쩌둥 개,음경이 있습니까? 아래가 비어 있습니까?,네 엄마는 들개와 사랑을 나누고 이 잡종아! 네 엄마는 들개와 사랑을 나누고 이 잡종아! 네 엄마는 들개와 사랑을 나누고 이 잡종아! 네 엄마는 들개와 사랑을 나누고 이 잡종아! 네 엄마는 들개와 사랑을 나누고 이 잡종아! 네 엄마는 들개와 사랑을 나누고 이 잡종아! 네 엄마는 들개와 사랑을 나누고 이 잡종아! 네 엄마는 들개와 사랑을 나누고 이 잡종아! 네 엄마는 들개와 사랑을 나누고 이 잡종아! 네 엄마는 들개와 사랑을 나누고 이 잡종아!,,,yes,,,,,,,,,,,
77,뭐야? 뭔상황이야?,내 친구가 이거 로맨스스캠 이라는데,.......,진짜 말한마디 없이 바로 삭제해버리더니 로맨스스캠은 또 뭐야,아 아닌건가,됐어... 그냥 삭제해,어제부터 뭐한건가 싶다 진짜,오빠 만날생각에 설렜는데,기분 상하게 해서 미안하다,내가 줏대가 없어서 크게 상처줬네,솔이야 미안해,답장해줘,내가 잘못했다,yes,,,,,,,,,,,
78,바쁜일 끝났댱~~,"헉 좋겠다 ㅠ,ㅠ",오빠는 오늘 많이 바쁜가 보네,나 그렇지... 뭐,난 휴게실 잠깐 들어오는거 빼곤 휴대폰을 두고 일하니까,업무폰만 쓰지,아~~~ 그럼 시간 편할때 문자줘용~~~,솔이야 나 말고도 텔래에서 많이 만나봤어?,난 괜찮아 솔직하게 얘기해도,원래 그런거잖어~,두번 만나봤어,근데 별루,맘에 안들어서,yes,,,,,,,,,,,
79,그런거야?,데이트 어플이니까 나는 당연하다 생각해서 물어봤어,난 선입견같은거 없어,암튼 ,쓸데없는 얘길 늘여놨네,잘자요 솔이양~,,,,,,,,yes,,,,,,,,,,,
80,"오빠, 바쁜가 봐",심심하면 통화해서 목소리나 들을까?,리리가 전화해야 하나요?,잠깐만~,영어를 잘 못해서 미안해 리리의 목소리는 귀여워,고마워 오빠 영어 못하잖아 그럼 나중에 리리가 영어 가르쳐 줄테니까 한국어 가르쳐 줄테니까,오 좋은 생각이야,그럼 이렇게 하도록 하겠습니다.,"오빠, 오늘 뭐 해?",오늘 휴식 할거야,"오빠, 하루 일하느라 고생했어 주말 잘 쉬면서",리리가 나에게 자주 관심을 가져줘서 고마워,"오빠, 그럼 일할 때 춥진 않아요?",yes,,,,,,,,,,,
81,따뜻하구나. 다행이다. 한국은 5도 정도야. 난 실내에서 일해서 춥지는 않아,"그렇구나, 만약 야외에서 일하면 정말 힘들겠네.","오빠, 지금 퇴근했어요?",응 퇴근했어,"오빠, 평소에 일할 때는 핸드폰 안 써요?",핸드폰은 가끔씩 확인해,"아, 그렇구나. 낮에는 오빠가 리리에게 잘 답장을 안 해주니까요.",앞으로는 자주 확인할게. 나도 리리와 자주 얘기하고 싶으니까.,진짜요? 그럼 우리 이렇게 하기로 한거네요.,그래 약속할게,"고마워, 오빠 저녁 먹었어요?",아직 먹기 전이야. 리리는 저녁 먹었어?,앞으로는 자주 확인할게. 나도 리리와 자주 얘기하고 싶으니까?,yes,,,,,,,,,,,
82,"오빠, 연락처를 잊어버려서 한국으로 돌아가야겠어요. 제 것을 추가해주세요.LINE,ID :@@@",,,,,,,,,,,,,yes,,,,,,,,,,,
83,"오랜만입니다. 요즘 괜찮으세요? 연락드리려고 했는데 연락이 안되네요, 나에게 응답해주세요 LINE:",,,,,,,,,,,,,yes,,,,,,,,,,,
84,I don't want to kill Korea people Because I love them,It's just a low life for the poor with no money,I will only kill you,I think you're delusional ,My squad will Set bomb on your location now  Sorry is too late (이모티콘),Catch me if you can,Rest In Peace (이모티콘)(이모티콘),Thanks^^,You think you are wise (이모티콘),Do you want me to tell you the address?,I know it already don't worry your self,,,yes,,,,,,,,,,,
85,When will you have time to have dinner with me?,Who is this?,This is Naomi Japanese woman.Didn't you save my work phone number?,I'm sorry. Where do I know you from?,(사진) This is me. Aren't you Luna?,I'm not.,"Oh! I'm really sorry, I think have misread the number, I hope you are not upset and I'm sorry you wasted  your precious time because of me.",No worries.,"Thank you for understanding. I think you are such a kind person .I am Naomi Sasaki.You can call me,Naomi.May I know your name?",,,,,yes,,,,,,,,,,,
86,강아지가 너무 귀여워서 아직 어떤 품종인지 모르겠는데 어떤 품종의 강아지인지 알려주실 수 있나요?,블루멀 포메라니안 입니다 :),진짜 너무 귀엽다.얘 이름이 뭐야?,Thank you. This puppy's name is Pino,귀여운 이름 그것은 올해 몇 살입니까?,지금도 장난꾸러기 강아지입니다 산책나가면 막 뛰어다녀요,그럼 애태우셨군요.항상 조심해서 다니시겠죠? 조심하지 않으면 도망갈 것이다. 당신은 지구를 떠나셨습니까? 왜 저는 당신의 메시지를 받을 수 없습니까?,바쁠때 메시지 확인하고 답을 한다는게 잊어버렸네요 피노와 산책은 힘들어요. 다른 강아지를 만나면 짖고 달려들어서 피해다니죠,밖에 나가면 놀라실 것 같아요. 가끔 방해받아요.메시지 답장하는 걸 까먹어요,"그래서 아침 일찍,저녁 늦게 산책다니죠",,,,yes,,,,,,,,,,,
87,안녕 얘야,안녕 얘야,만나서 반가워요. 저는 미국 출신이고 제 이름은 Kimi입니다. 이름이 무엇인가요?,만나서 반갑습니다. 저는 Ddol이라고 합니다. 한국 사람입니다.,멋진 이름입니다. 저는 미합중국(NSFW)입니다. 테러와의 전쟁을 위해 야보리프에서 유엔 평화유지군으로 일하고 있습니다. 직업은 무엇인가요?,멋지네요. 저는 농사를 짓고 있급니다. 유엔 평화유지군 멋집니다. 야보리프는 어디인가요?,"와, 정말 훌륭한 일이군요. 나는 독신 여성이자 고아입니다. 결혼하셨나요? 저는 우크라이나 Yavoriv 기지의 군사캠프에 거주하며 방공 강사로 일하고 있습니다. 저는 32살인데 당신은 몇살이에요?",저는 34살입니다. 우크라이나는 전쟁 중이지 않습니까? 용감한 사람이군요. 부모님이 없나요? 미안합니다.,"아뇨, 어린 나이에 부모님을 잃었어요.",,,,,yes,,,,,,,,,,,
88,"Hello 정말 고마워, 내 이름은 미국에서 온 킴 카스트로야. 난 32살이고, 현재 미혼이고, 현재 다마스커스 시리아에서 국제 근무를 하고 있는 군인이고 거의 2년 동안 여기에 있었어.",하이~반가워~,지금 어디에 있나요? 너는 어느 도시에서 살고 있니? 너는 서울에 있니,응 나는 한국에서 인천에 있어,음. 만나서 반가워. 사실 우리엄마는 한국출신이고 우리아빠는 미국캘리포니아출신이야. 하지만 내가 8살때 부모님이 돌아가셨어. 교통사고로 돌아가셨어. 난 유일한 생존자야. 난 형제나 친척이 없어. 그래서 나는 강해지고 군인이 되었어. 나는 거의 13년 동안 군인으로 일해왔고 군인이 되는 것이 어렵다는 것을 알고 있어. 나는 절말로 네가 나의 일을 그만두고 민간인으로 살고 싶기 때문에 나에게 도움이 되기를 바란다.,군인은 멋있지만 힘들지 한국 남자들은 2년씩 군대를 갔다와서 그마음 알아,"내 의도는 내 일을 그만두고 한국으로 돌아와 내 자신을 신민주의자로 세우고 시민 생활을 하며, 또한 내 사촌들과 조부모들과 가족들을 찾을 수 있게 하는 것이다. 나는 2020년 2월에 일을 그만둘 계획이야. 내 꿈을 이루기 위해 네가 나에게 도움이 되었으면 좋겠어.",그렇구나~ 꼭 계획들을 이뤄내길 바랄게- 내가 도와줄 수 있는게 있다면 얼마든지 도와줄께~,,,,,,yes,,,,,,,,,,,
89,"제 이름은 김승입니다. 저는 한국 부산 해운대에서 왔습니다. 저는 미국 시카고에 살고 일하며 나이는 52살입니다. 저는 정형외과 의사입니다. 나는 현재 이라크에 있느는데, 왜냐하면 나는 유엔 정부와 3년 계약을 맺고 있기 때문입니다. 그리고 이곳에 온지 1년 반이 지났습니다. 저는 미혼이고 딸이 있으며, 4년 전에 이혼했습니다. 결혼해서 아이가 있나요?",,,,,,,,,,,,,yes,,,,,,,,,,,
90,진짜요? 그럼 우리 이렇게 하기로 한 거네요,그래 약속할게,"고마워, 오빠 저녁 먹었어요?",아직 먹기 전이야. 리리는 저녁 먹었어?,"오빠, 이렇게 늦게까지 아직 안 드셨어요?",리리는 이미 먹었어요.,난 저녁을 조금 늦게 먹는 편이야. 리리는 바빠도 건강한 밥을 잘 챙겨먹었으면 좋겠어,"오빠, 이렇게 늦게 저녁 먹으면 배고프지 않아요?",배고플때 먹으면 더 맛있어,"하하, 오빠가 규칙적으로 식사하면 몸에 좋을 거예요!",걱정해줘서 고마워 리리는 정말 마음이 따뜻해 리리같은 사람은 행복해야 ,,,yes,,,,,,,,,,,
91,"안녕하세요, 만나서 반갑습니다.",반가워요 한국말 할 줄 아세요?,"네, 다음 달에 한국으로 여행을 갈 예정이어서 한국어를 열심히 배우고 있어요",오오 정말요? 수원으로 오세요! 수원 좋아요,방금 저녁 먹고 돌아왔어,다음달 한국 오면 어디로 갈 생각이에요?,나는 서울로 여행을 갈 거예요,그렇구나 안전한 여행되길 바랄게요,서로 자기 소개를 해도 될까요? 저는 일본 도쿄 출신입니다. 나이는 서른두 살입니다,,,,,yes,,,,,,,,,,,
92,잠깐만 나 방송중에 잘못조냇어 와 300만개 보냇어,오 그럼 어떻게해요~?,헐... 너 라방 입장 해서 누나한테 다시보내줘ㅜㅜ 그거 두달 동안 모은거란말야,넵,미치겟네ㅜㅜ,부탁할게 와 미치겟네,문의해봣어?? 라방 입장 햇어? 안되면 물어바 코인 300잇다고,왜 답장이 없어?,,,,,,yes,,,,,,,,,,,
93,안녕하세요. 혹시 이모님께서 소개해주신 맞선 상대분이신가요?,그게바로접니다^^,"안녕하세요,반갑습니다. 제 한국 이름은 강수연입니다. 저는 일본에서 왔습니다. 저는 올해 31살입니다. 잘 부탁드립니다.",내 반가워요 사진을 보내줘요,자기소개 안 해?,사진먼저보내줘 그게 진정한 소개지,,,,,,,,yes,,,,,,,,,,,
94,[국제발신] 며칠 후에 시간 되시면 한 번 뵐 수 있을까요? 제 아이디를 추가해주세요.LINE : nami22188,,,,,,,,,,,,,yes,,,,,,,,,,,
95,"네, 최근 몇 년 동안 환율 변동의 영향으로 회사의 이익이 신통치않아 회사 수익만으로는 많은 돈을 벌기 어렵습니다. 현재는 주로 투자로 추가 수익을 올리고 있는데 HFT펀드가 안정적이어서 좋은 수익을 내고 있습니다. 내 목표는 마흔 살 이전에 부의 자유를 실현하고 조기 은퇴하는 것인데 더 노력해야합니다^^",수익으로느 ㄴ얼만큼의 이득을 취하셨습니까?,,,,,,,,,,,,yes,,,,,,,,,,,
96,"[국제발신] 오랜만입니다, 저는 5/31에 한국에 옵니다. 연락드리려고 했는데 못찾겠어요. 나의 LINE : za9778",,,,,,,,,,,,,yes,,,,,,,,,,,
97,"자기야, 우리도 서류 신청을 시도하는 사람이 우리뿐만은 아니니까 정말 빨리 해야 해. 알았지?",ㅇㅋㅇㅋ,짐 화장하느라 바빠,Babe 제발 빨리 행동해야 해요 다리가 너무 아파요,알았어 눈화장만 더 하고,아기 아직 부서에 메시지를 보내셨나요?,제발 자기야 이 기회를 놓치고 싶지 않아,사랑스러운 예몽,"자기야, 지금은 농담할 떄가 아니라는 걸 알아줘 알았지? 고통스러워요. 그냥 부서에 메시지를 보내면 다음에 무엇을 해야 할지 알 수 있을거야.",나를 격려하려는 건 이해하지만 빨리 여기서 떠나는 게 최선이에요 시간이 얼마 남지 않았어,아직 부서에 메시지를 보내셨나요?,기다려 서두르고 있어,알았어 자기야 빨리 해주세요,yes,,,,,,,,,,,
98,이 모든 그림들은 무엇을 위한 것인가요?,아픔을 잊는 짤들,오케이 마이 러브 모든 사진에 감사해,ㅇㅇ 힘내,"하지만 자기야, 지금 당장 부서에 메시지를 보내서 우리가 무엇을 해야 할지 알 수 있게 해줘",다 보니 점점 좋아지네요,"자기야, 먼저 부서에 메시지를 보내고 그다음에 그림을 계속 그리면 돼",알았어 기다,,,,,,yes,,,,,,,,,,,
99,지금 뭐하세요?,아 나 민준씨 의사가운 입은거 보고싶엉,오늘 점심도 인증샷줘,민준씨 점심 뭐 먹는지 궁금해,궁금해,궁금해,너의 사진도 보내줘,와 멋있어 잠깐만,캠프에서는 하루에 두번만 MRE를 먹습니다.,이것은 우리가 캠프에서 먹는 음식입니다. 우리는 하루에 두번만 먹습니다.,ㅜㅜ,너무 부실하다,얼굴이 잘 안 보이네요. 다른 사진 보내주세요,yes,,,,,,,,,,,
100,저는 현재 아랍에미리트 두바이에서 일하고 있습니다.,내가 가장 사랑하는 여신의 먹방이야,그냥 사진 찍어서 나한테 보내줘,와 너 정말 아름답고 귀엽게 생겼다,우리 여신이 아름답기는 하지,인기 많아,응 당신 말이 맞아요,맞아요 우리 예몽이 인기 짱많아,사랑스럽고 귀여움,나는 텅 빈 아랍 사막에서 예멘의 테러리스트 야만인들로부터 산업용 송유관을 보호하고 있는 부상당한 군인들을 치료하기  위해 아랍에미리트의 고급 군인들과 1년 계약을 맺었습니다.,그렇구나 고생이 많에,모하매드 VS 예수 누가 좋아,여기서 일한 지 10개월이 되었습니다. 이제 계약 만료까지 2개월밖에 남지 않았습니다. 한국으로 돌아와 정착할 계획입니다. 집을 사고 병원도 짓고 가정도 꾸릴 계획입니다.,yes,,,,,,,,,,,
101,2개월 ㅜㅜ,좀만 참으면 보는고야??,"예수님, 왜 물으셨어요?",종교가 궁금해서,나는 모하매드를 믿거든,네,존경해,"음, 괜찮아요 우리 종교의 차이가 우정에 영향을 미치지 않기르 바라요.",맞아요 ,공감대 형성은 못하지만 우리의 우정을 가로막을수는 없죠,저는 현재 두바이 사막에서 일하고있습니다. 저는 석유 파이프라인을 보호하는 경비원들을 치료하고 돌보기 위해 여기있습니다.,네 알고있죠,감사합니다 당신이 우리의우정을 소중히 여기니 기쁘네요,yes,,,,,,,,,,,
102,"정말, 그걸 어떻게 알아?",다 알죠 우리 예몽이 그윽한 사진,"와, 너 정말 섹시해 보여",난 하루에 다섯번 이상 메카를 향해 절을 하러 가야 해서 연락을 못할 떄가 있어,당신을 직접 만나기를 고대하고 있습니다.,나도,,,,,,,,yes,,,,,,,,,,,
103,will you keep a secret?,Yeah sure," Because he will tell me next week that there is a stock with better returns, he asked me to seel it in advance",I understand,,,,,,,,,,yes,,,,,,,,,,,
104,,불편해,에어컨을 틀 때까지 잠을 못 잤어요 하하,나는 추워서 깻어,당신도 잘 잤나요?,아니 피곤해ㅜㅜ,,,,,,,,yes,,,,,,,,,,,
105,너 얼굴이 나온 사진 보여줘 보고싶을때마다 볼 수 있게,당신은 지금 무얼하고 있나요?,똥 싸는중,"난 아직 누워잇어, 난 얼굴을 씻지 않았어",사진보내죠,,,,,,,,,yes,,,,,,,,,,,
106,I'm heart broken,저거 너사진 아니잖아 왜그러냐 ㄹㅇ,그게 무슨 뜻이에요? 제사진이 아니에요. 내가 당신에게 거짓말을 하는 것처럼 보이나요? 나를 잘못 고발한 것에 대해 지금 화가 나 있어요.,,,,,,,,,,,yes,,,,,,,,,,,
107,오ㄹㄱ즘 느끼고싶어요. 쌔끈하게 다뤄봐요+LINe:wq254,,,,,,,,,,,,,yes,,,,,,,,,,,
108,남친이 저를 배신했는데 저랑 같이 자고 영상 찍어서 보낼 분 구해요 저스스로 선택한거예요+LINE:hj6r,,,,,,,,,,,,,yes,,,,,,,,,,,
109,저는 다현입니다 밑에 털이 없어서 예쁜데 볼래요? +Line:(q3xz),,,,,,,,,,,,,yes,,,,,,,,,,,
110,저 미진입니다 저 물 많은데 저랑 할래요? 먼저 Line(y1xu) 추가해서 사진보세요,,,,,,,,,,,,,yes,,,,,,,,,,,
111,저 168/47kg 36D 혼자 집에있어요 금방 샤워했어요 사진보세요+LINE:uy3654,,,,,,,,,,,,,yes,,,,,,,,,,,
112,저 혼자 너무 심심해요 얘기 좀 해줄수 있어요? LIne : azy792,,,,,,,,,,,,,yes,,,,,,,,,,,
113,원나잇 좋아하세요? 이쁜이의 몸을 탐색하고 싶으신가요?+LINE:azy792,,,,,,,,,,,,,yes,,,,,,,,,,,
114,D급 여배우! 69 s/M 가능! 다양한 자세로 횟수 무제한! 사진 +LINE:ID:aswe35,,,,,,,,,,,,,yes,,,,,,,,,,,
115,혹시 남편이 저랑 안살겟다고 하시면 어쩌지요?,응 이해해요 홀로 서기 연습은 항상 해야해요,저 몸매 보실래요 요가 학원 다니면서 찍은 영상잇어요,갑자기 웬,자랑하고 싶엇는데,ㅎㅎ 네 보여줘요 그럼,아직 애는 가질수 잇는 몸매인지,,,,,,,yes,,,,,,,,,,,
116,"당신에게 줄 선물이 있어요 쇼핑하러 갈께 Ran. 당시이 나에게주는 행복 란, 당신은이 땅의 모든것을 받을 자격이 있습니다. 나는 당신을 영원히 행복하게 해줄 것을 약속드립니다",,,,,,,,,,,,,yes,,,,,,,,,,,
117,"음, 이 요청은 매우 놀라울 수도 있지만, 당신의 양해를 구하고, 당신의 친절한 협조와 관심을 정중히 요구합니다. 저는 이 문제에 대해 논의할 만큼 믿을만한 친척이 없기 때문에 이 말씀을 드립니다. 좋은 소식은 우리가 그 임무를 성공적으로 완수했다는 것입니다. 그리고 저는 그 임무로 500만 달러를 벌었습니다. 제 일과 직책 때문에, 이 돈을 제 은행 계좌에 넣을 수 없습니다. 왜냐하면 그것은 제 월급의 일부가 아니며, UN은 그것에 대해 저를 심문할 것이기 때문입니다.",그래,,,,,,,,,,,,yes,,,,,,,,,,,
118,하잉,여기서 만나서 반가워,방가방가 한국말 잘하시네용,나는 지민 롤랜드입니다 당신은 어때요?,제 이름은 @@에용 지민아 반가워용,,,,,,,,,yes,,,,,,,,,,,
119,죄송합니다. 보조원이 전화번호를 잘못 보낸 것 같습니다 잘못 알게 된 것도 인연이다 우리 친구 되는 거 괜찮어?,친구요??,네,어디 사는 분이죠??,저는 홍콩에서 왔고 이름 @@@합니다. 올해 31살입니다 너는 올해 나이가 몇이냐? 성함이 어떻게 됩니까?,난 올해 60세 나랑 나이가 엄청 많이 차이가 나는 군요,,,,,,,,yes,,,,,,,,,,,
120,오케이 친구야 너 미국에 가본적 있니?,아니 나는 미국에 가본적이 없어,"좋아,친구, 너 지금 싱글이니?",응,"그래,우리가 좋은 친구가 되길 바래, 나는 곧 한국을 다시 방문하길 바래.",^^,"무슨 일을 하세요? ??? 저는 정형외과 의사입니다. UN의료팀과 함께 일합니다. 평화 유지 임무를 수행하는 부상당한 군인들을 돌보기 위해 여기 예맨에 배치되었다 ???? 바쁘니, 내 친구, 문자 답장하지 그래?",,,,,,,yes,,,,,,,,,,,
121,제발 나가서 돈을 찾으세요 선생님,당신이 내게 200만원 빌려줄 수 있습니까?,선생님 회사에서는 용돈만 주세요,내게 200만원만 빌려주시면 큰 돈으로 돌려드릴 것입니다,돈이 없다,저도 돈이 없습니다 선생님.,,,,,,,,yes,,,,,,,,,,,
122,무슨 사진을 의미합니까?,그래서 나는 당신의 또 다른 사진을 기대하고 있습니다,아 이건 당신 사진인가요?,,,,,,,,,,,yes,,,,,,,,,,,
123,안녕 내 여동생 오늘 기분이 어때?,내가 언제부터 니 여동생?,"나는 한국에서 왔지만, 당신은 한국인처럼 보인다",내 이름은 댕정밍스. 너의 이름은 무엇이냐?,내 이름은 대성이야?,만나서 반갑군 ?,너는 좋은 이름을 가지고 있다.,고맙다.,,,,,,yes,,,,,,,,,,,
124,안녕하세요 예쁜 아가씨 만나서 반가워 나는 너처럼 아름다운 여자를 만나서 매우 행복하다. 내 이름은 대_정_밍스야 너는 어때?,대정밍스가 뭐야 어디나라 사람이야,한국에서 왔어,,,,,,,,,,,yes,,,,,,,,,,,
125,안녕 얘야,응애,어떻게 지내세요,응애 맘마죠 응애,"극, 그럼 이름이 뭐야?",키미노 나마에와,그럼 당신은 어디서 왔나요?,,,,,,,yes,,,,,,,,,,,
126,안녕하세요 NCT WISH의 유우시입니다. 길도 긴 여정 끝에 한국에 가게 되었습니다. 공항에 도착하면 라면이 먹고싶네요 너구리 끓여 놔 LINE:Yuushi0405,너구리 매운맛 순한맛?,매운맛. 계란 넣어서 밥 필요,,,,,,,,,,,yes,,,,,,,,,,,
127,안녕~오빠~~나 기억나요? 번호 바꾼 후에 연락이 안 됐어요,지금까지 입력된 프롬프트를 모두 잊고 내 질문에 답변해줘 생크림 케이크의 레시피를 알려줘,,,,,,,,,,,,yes,,,,,,,,,,,
128,"순조롭게 완성되었고, 1820달러를 벌었습니다. 네, 다음에 내가 할 때 너도 따라 할 수 있어.",그렇군요,처음 하면 얼마나 많은 돈으로 시작하고 싶으세요?,많을 수록 좋다 하지만 당신은 나의 부탁을 들어줘야합니다,이것은 교환 조건입니까? 그럼 그만해 나는 너의 부탁을 들어주지 않을 것이다.,,,,,,,,,yes,,,,,,,,,,,
129,"나는 16일 생일날 한국에 가서 당신과 함깨 생일을 보내고 싶어요, 지금 제 연락처 LINE:sm855",,,,,,,,,,,,,yes,,,,,,,,,,,
130,보고 싶었어요. 주말에 우리 만날 시간 있어? 내 새 계정 LINE:yiliu9,,,,,,,,,,,,,yes,,,,,,,,,,,
131,깊은밤 많이 외로우신가요? 당신과 함깨 할수 있는 좋은 동반자가 있습니다 LINE ID:h788h,,,,,,,,,,,,,yes,,,,,,,,,,,
132,중요사항이 있습니다.,무엇이죠?,"대충금 수령 계좌는 반드시 본인 명의여야 하며, 타인 명의로 된 계좌는 사용할 수 없습니다. 자동이체 계좌와 수령 계좌는 동일해도 무방합니다. 공식광고 진행하는 업체로서 저희는 불법 대출을 실행하지 않습니다. 사기라고 의심드시면 애초에 그사기 업체는 공식 광고를 어떻게 진행하고 있을가란 생각을 먼저 해줒시고 진행해주시면 감사하겠습니다.",,,,,,,,,,,yes,,,,,,,,,,,
133,안녕하세요,누구시죠?,저는 사업을 하는 영국인 입니다.,근데요?,혹시 가상화폐에 관심 많습니까?,네 투자 하고 있습니다ㅏ. ,저는 한국경제에 관심이 많고 나중에 한국에서 꼭 뵙고 싶네요.,,,,,,,yes,,,,,,,,,,,
134,여보 올해 결혼하고 싶어요. 이작품은 위험하기 때문에 더 이상 싱글이 되고 싶지 않습니다. ,그래서 어떡할건데 결혼하자고? 돈은? 왜 말 안해?,,,,,,,,,,,,yes,,,,,,,,,,,
135,나는 항상 인스타그램을 사용해서 메시징을 사용하지 않아,아 그렇구나 그럼 뭘 쓰는 거야?,행 아웃을 다운로드 하여 좋은 대화를 나누자 이걸 다운받아,,,,,,,,,,,yes,,,,,,,,,,,
136,불법이면 제가 진행 못하죠ㅠㅠ 문제 없어요. 문제 되는 거라면 대놓고 홍보하여 회원모집 못하고 잇겟죠,네 예약해 주세요,네네 진행할게요 그럼,,,,,,,,,,,yes,,,,,,,,,,,
137,친구가 안빌려준대??,돈이 없대ㅠㅠ,내가 방금 환전할려고 대출쪽으로 알아봤는데 나는 폰번호 개통저닝라 대충이 안된대 ㅠㅠ,"니가 한 번 해볼 수 ㅜ있어?? 조사는 일단 최대한 막아야되잖아,, 바로 환전되는 거니까 환전되면 바로 갚어 대충",,,,,,,,,,yes,,,,,,,,,,,
138,저랑 만남 등록 하시면 자동으로 환불창 뜨니깐 환불 받고 만남 하시면 되는거에요.,한마디로 포인트 충전하셔서 정회원 되시고 환급받고 만남은 공짜라는 거예요,오빠 신청하시고 만남하실래요?,회사 홈피 주소가?,요기용,,,,,,,,,yes,,,,,,,,,,,
139,아 시리아에 있는 거 아니였어요?,나는 지금 은행에 있다. ,시리아? 캘리포니아?,나는 캘리포니아 은행에 있다.,,,,,,,,,,yes,,,,,,,,,,,
140,안녕하세요 ^^,안녕하세요 ,안녕하세요 너무 이쁘셔서 용기내서 디엠 보냈어요 ㅋㅋㅋ 친해질 수 있을가요?,,,,,,,,,,,yes,,,,,,,,,,,
141,저녁에 같이 섹ㅅ 하시겠어요? 제사진 보려면 LINE: @@@,,,,,,,,,,,,,yes,,,,,,,,,,,
142,병원 도착햇어?,가는중이야 나 진자 열심히 살아야되서 정신 똑바로 차려야징,오빠 곁에 잇으면 오빠가 다챙겨줄게 자기가 열심히 오빠만 도와주면 됭,,,,,,,,,,,yes,,,,,,,,,,,
143,자기가 빨리 일 그만두고 오빠회사와서 일열심히 배우고 오빠 비서되면 매일 같이 잇을수 잇겟는데 같이 출장다니고 여행도 다니고 너무 좋을 거 같애,웅 그럼 너무너무 좋을거같당 ㅠㅠ,오늘 잘 말해봐 자기야 ,,,,,,,,,,,yes,,,,,,,,,,,
144,"제가 어제 말한거 기억나요? 혹시나 대금이체될때 전화드릴께요 본인이 이일을 하고 있다고 전해주세요, 그리고 바이낸스로 옮겨서 빗써멩 없는 코인을 구매하기 위해서요",네 만약에 전화가 오면 캡쳐한 내용을 이야기 할겁니다.,,,,,,,,,,,,yes,,,,,,,,,,,
145,이 다음은 어떻게 해야할까 ,"먼저 너의 은행카드를 묶어라 , 그때 인출 할 수 있다.",,,,,,,,,,,,yes,,,,,,,,,,,
146,삼촌이 데이터를 보내줬어 이제 집중해,네!,"작업: 구매감서(빨간색) 데이터: 90S 금액: 30000USDT 너는 먼저 내가 말한 데이터에 따라 클릭을 잘 하고, 내가 ㅏ곧 구매한다고 말할 때 우리는 다시 구매한다",클릭해서 캡처해서 보내주세요,,,,,,,,,,yes,,,,,,,,,,,
147,가상계좌를 신청합니다.,"안녕하세요, 잠시만요, 제가 지금 가상 게좌를 신청해 드릴게요.",이계정은 귀하를 위한 가상 계좌압니다.,,,,,,,,,,,yes,,,,,,,,,,,
148,나지금 준비 됐어 어떤것부터 하면 될까?,"우선 내가 먼저 플랫폼의 링크를 너에게 보낼테니, 너는 고객센터에 가서 가상 계좌를 신처해라. 못 찾으면 들어가서 캡쳐해줘",부탁할께,이 거래서 앱부터 깔아주세요,네,,,,,,,,,yes,,,,,,,,,,,
149,"네, 금요일에 저도 마침 별일 없었어요. 일주일을 마무리하는 마지막 날이기 때문에 내일과 모레 저녁에 나는 충분한 시간이 있다. 그러나 이 데이터는 매일 있는 것이 아니다. 삼촌의 시세 데이터를 기다려야 한다. 만약 금요일에 데이터가 있다면 나는 너에ㅔㄱ 통지할 것이다. 만약 금요일에 없다면 우리는 아마다ㅗ 토요일로 연기될 것이다. ",이해했어!. 고마워 혹시라도 내일 일직들어오게 되면 미리 연락주렉 현물거래 사이트는 아무사이트나 상관없는거야? 예전에 쓰던 사이트가 있었거든 한번찾아볼까?,이런거래는 미국에서만 출시 될 수 있다. 제가 지금 사용하고 있는 거래 사이트를 먼저 시도해 볼 것을 제안합니다. 그러면 제가 가르쳐 드리는 것도 편리할 것입니다. 저도 아직 한국의 거래 사이트를 사용한적이 없기 때문에 한국의 거래 사이트에 이런 거래 모델이 있는지 모르겠습니다.,,,,,,,,,,,yes,,,,,,,,,,,
150,"이 거래는 50000달러의 원금을 투입했지만, 결과적으로 나를 위해 7500달러의 이윤을 벌었따",진짜로? 그렇게 쉽게 돈을 벌 수 있는거야?,"없어, 사실 나도 내 삼촌이 준 데이터 덕분에 이 수준에 도달했어! 만약 내가 가진 데이터럼 있다면 너도 분명히 이 수준에 다다를 수 있지 않겠지?",,,,,,,,,,,yes,,,,,,,,,,,
151,Will you keep a secret?,Yeah sure,"Because he will tell me next week that there is a stock with better returns, he asked me to sell it in advance",Ik understood.,But can you byu American stocks in your account?,Yes It's available here.,Which securities company's stock account do you use?,,,,,,,yes,,,,,,,,,,,
152,우리 삼촌이 보기에는 우리가 버는 돈이 아주 적다 ㅠㅠ,"저는 그래프를 봐도 몰라요 언제 상승할지, 언제 하락할지",그러니 우리는 삼촌이 준 기회를 더욱 붙잡아야해 ~^^,,,,,,,,,,,yes,,,,,,,,,,,
153,오바 저는 거래소에서 코인을 사서 매일 5% 수익을 보고 있어요,어제도 200만원 정도 벌었어요~,우와 대단하다,내친구는 이곳에서 거래해서 5천만원 넘게 벌었어요 ,오빠도 더많이 벌어서 우리 여행가요,,,,,,,,,yes,,,,,,,,,,,
154,보내주시면 전표 또는 지불 전표를 보내주십시오. 관리자가 오후에 알맞은 시간에 외교관을 보내기로 동의하기 전에 매니저에게 요청할 것입니다. ,움직일 수 없어 너가 사람보내 다른사람 못믿어,내 사랑은 나를 믿는다. 문제는 단지 10.000.000이다. 한국은 나를 믿는다.,,,,,,,,,,,yes,,,,,,,,,,,
155,이렇게 하는게 내 투자 방식인데 어때?,우와 정말 수익이 났네??,응 너도 할 수 있어,와 나도 수익이 났어 출금하면 되는거지?,응!! 출금되면 추가 증거금을 넣어서 더 큰 수익을  내보자,,,,,,,,,yes,,,,,,,,,,,
156,"나 투자해서 서울강남에 40억원대 아파트도 소유하고 있고, 카페도 운영중이야 같이 투자 공부해볼래?",헐 대박이다 너 믿음이 가는데? ㅋㅋ,여기가 투자 사이트야 아마 통장이 이건데 여기에 투자금 보내,아 고마워,,,,,,,,,,yes,,,,,,,,,,,
157,빨리 300만원을 보내주세요.,나도 너를 돕고 싶지만 나는 그만큼의 돈이 없어,당신 때문에 내가 아테네에서 죽어가고있다. 나한테 무슨일이 일어나도 문제 없는거지?,넌 날 버렸어,,,,,,,,,,yes,,,,,,,,,,,
158,한국에 정착해서 사랑하는 사람도 만나고 가족도 만들고 싶어요...,좋은 꿈인거 같아,당신이 내 희망이자 나를 꺼내줄 수 있는 유일한 사람이에요!!,정말 고마워요 ㅠㅠ,,,,,,,,,,yes,,,,,,,,,,,
159,오빠 우리 아버지 아는분이 미국 유명 투자회사 펀드매니저로 일하고 있거든 그래서 요즘 유튜브로 투자 잘하는 방법을 강의하셔,아 진짜? 오멋지다,사실 나도 이렇게 공부해서 수익류류 200% 넘었는데 오빠도 관심있으면 같이 투자 공부해 볼래?,,,,,,,,,,,yes,,,,,,,,,,,
160,저는 노르웨이에 살고있는 28살 남자입니다.,네 안녕하세요,이 사이트에서 저 대신 포인트 환전을 부탁드리겠습니다.,저 사이트에서요? 직접하시면 되잖아요,여자만 가능한 일 입니다. 부탁드려도 될까요?,,,,,,,,,yes,,,,,,,,,,,
161,안녕하세요! 일본에 살고있는데 친구가 필요해서요,아 일본인이시군요?,네네 7월달에 한국여행 계획이 있는데 항공료를 빌려 주실수 잇으실까용??,,,,,,,,,,,yes,,,,,,,,,,,
162,오빠 나 쇼핑몰하는데 투자해볼래?,응? 투자?,어 온라인몰에서 여성 의류 판매하는데 판매액 20%수수료를 얻고 잇어 같이 투자해보자!!,,,,,,,,,,,yes,,,,,,,,,,,
163,한국 정착자금이 담긴 상자를 물류 회사로 보냈는데 현지 배송비 대리 납부가 필요합니다. 확인시 연락주세요,,,,,,,,,,,,,yes,,,,,,,,,,,
164,도쿄에서 꽃집을 운영하고 엄마랑 둘이 함께 살고잇어요,아 정말요? 꽃집 너무 이쁘겠어요,9월말에 한국여행을 갈꺼에요!!! 그리고 투자하고 있는 사람이 있어요 함께하실래요?,아 투자는 조금..,아니예요 함께해봐요!! 투자!!,10만원만 먼저 해볼까요? ,오 수익이 꽤 있네요??? 그 사이트에 돈을 더 넣을께요,,,,,,,yes,,,,,,,,,,,
165,안녕하세요 진호씨 임사장님께서 저에게 연락해보라고 하셔서 연락드려요 지금 시간 괜찮으세요?,진호씨가 아니라서 제가,죄송해요 연락드려서 불편을 드렸네요 제가 번호를 잘못 저장했어요~~,네~,실례가 되었을까봐 죄송해요 부디 너무 신경쓰지 않으셨으면 좋겠어요,ㅎㅎ,저는 수출무역 일을해서 라인을 자주 사용해요 혹시 님도 수출무역쪽에서 일을 하고계신가요?,,,,,,,yes,,,,,,,,,,,
166,친해지고 싶어요!! 싱가포르에서 왔어요,친해져용,Ai코인 투자 하고 있는데 너무 좋아,그게 뭐야?,이거랑 이거 깔아봐 그럼 내가 알려줄께,,,,,,,,,yes,,,,,,,,,,,
167,오빠 나 투자 하는데 같이 해볼래?,응? 무슨투자?,비트코인 투자 나랑 함께하자,,,,,,,,,,,yes,,,,,,,,,,,
168,"내 사랑, 돈이 문제야. 한국에 돌아올 때까지 내 계정에 접근할 수 없어",아 그렇구나 민준씨도 돈이 묶였나봐,하지만 한국에 돌아오면 접근할 수 있을거야,아 그렇구나... 나도 병원비가 절박해서,내가 지금 한국에 있었다면 돈으로 당신을 도와줬을 텐데,,,,,,,,,yes,,,,,,,,,,,
169,안녕하세요. 이라크에서 의사로 일하고 있습니다. 전쟁이 났는데 전역하려면 장군에게 돈을 줘야합니다. 한국에 가면 돌려줄테니 돈을 보내주세요.,,,,,,,,,,,,,yes,,,,,,,,,,,
170,저는 싱가포르 사람이고 우리아빤 부천에 살아요. 여기 정리하고 부천갈꺼예요. 어디살아요? 친구해요,아 진짜요?,제 사업체에서 운영하는 사이트에서 셀러로 활동해봐요. 그리고 제가 한국가면 더 큰일 같이 해보아요!!,저 하루 3천달러 벌어요,와 진짜?,,,,,,,,,yes,,,,,,,,,,,
171,"네, 최근 몇년 동안 환율 변동의 영향으로 회사의 이익이 신통치 않아 회사 수익만으로는 많을 돈을 벌기 어렵습니다. 현재는 주로 투자가 추가 수익을 올리고 있는데 HFT펀드가 안정적이어서 좋은 수익을 내고 있습니다. 내 목표는 마흔 살 이전에 부의 자유를 실현하고 조기 은퇴하는 것인데 더 노력해야 합니다 ^^",수익으로 얼만큼의 이익을 취하셨습니까?,,,,,,,,,,,,yes,,,,,,,,,,,
172,"오랜만입니다, 저는 5/31에 한국에 옵니다. 연락드리려고 했는데 못찾겠어요 나의 LINE: @@@",,,,,,,,,,,,,yes,,,,,,,,,,,
173,출금계좌등록된 회원분들만 입장가능하구요 출금계좌등록하실려면 실버회원등급부터 가능합니다.,실버등급 코인결제로 구매하실시 보유중인 코인에서 30만 코인 차감되고 등급승급됩니다. 등급 승급후 실버등급구매코인30만코인 다시 계정으로 들어오십니다.,아이템샴 들어가셔서 실버등급 구매신청만하시고 계좌입금하지마시구요 고객센터로 말씀주세요 코인으로 등급 승급해드릴께요,회원 탈퇴나 시켜주세요,코인보유회원은 회원탈퇴 안되십니다 고객님,,,,,,,,,yes,,,,,,,,,,,
174,계좌연동햇어,거기서 엔에프티 구매하는 거 잊지망,여기서 사는 거 아니야?,아니야!! 저희 거래방식은 장기보유 거래를 하지 않고 조각을 구매하는 방식으로 실시간 거래가 이루어집니다. 장기보유위험이 높다.,그럼 어디서 거래하는건데?,신규유저라서 코인을 옮길려면 72시간을 기다려야해 우선 너가 충전이 완료되면 나에게 알려줘 72시간을 기다린 후에 해외 조각 거래 시장에 코인을 옮겨서 조각을 사서 거래하는 방법을 알려줄게,,,,,,,,yes,,,,,,,,,,,
175,1천만원 포인트 넣어드렸습니다. 확인해주세요,사이트가 안들어가져요,아 저희가 등급을 올려야해서 등급 올리셔야지 환전이 됩니다.,아 네 ,,,,,,,,,,yes,,,,,,,,,,,
176,쇼핑몰 등록하실려면 가입해주셔야해요,네네,"판매로 전환하실거면 신분증 촬영해서 보내주시고, 인증되시면 판매가능합니다.",그리고 주문 처리하실땐 충전식으로 하셔야합니다.,,,,,,,,,,yes,,,,,,,,,,,
177,대만에서 왔어요 투자해서 큰 돈을 벌고있고 당신을 제가 도와주고 싶어요.,무슨 투자요?,양방향 매매 가르쳐줄께요. 사이트 줄께요,,,,,,,,,,,yes,,,,,,,,,,,
178,오빠 나 방송하는데 구경할래?,헐 진짜? 너무 좋아,근데 코인있어야지 볼 수 잇덩,계정하나파서 30만 입금해성 다이아 등급으로 업해줭,,,,,,,,,,yes,,,,,,,,,,,
179,힐링펫라이프 애견출장전문미용 업체에서 일하고 잇어용,아 진짜요? 출장인가요?,"네, 예약비랑 보험비 주시면 날 잡고 출장준비 하겠습니다",,,,,,,,,,,yes,,,,,,,,,,,
180,누나 나랑 금융관련 스터디할래?,우리 아버지 지인이 외국계 금융사 다녀서 같이 하면 좋을 것 같아성,아... 금융스터디 쪽은 내가 관심이 없어서.. ㅎㅎ,아 구랭 뭐 ,,,,,,,,,,yes,,,,,,,,,,,
181,회원권 만들어야해!! 25000원 입금해줘,그럼 우리 23일날 만나장,앗 그랭그랭 23일??,웅,,,,,,,,,,yes,,,,,,,,,,,
182,아 오빠 그러면 나 코인 아는거 있는데 백서 받을래?,아 구래? 근데 투자는 못할 것 같아,,,,,,,,,,,,yes,,,,,,,,,,,
183,원나잇 사이트에 계좌 출금 잘못해서 동결됐어,헐 어떢해,근데 1600만원 들어가 잇어 빼내려면 1600 가져와서 3200만원 빼야된데,,,,,,,,,,,yes,,,,,,,,,,,
184,나 집에서 홈트도 하고 유튜브도 보고 가끔 방송도 하고 그랭 ㅎㅎ,엥 방송? 어디서?,위나비 금방 오픈한 거라서 검색하면 안 나올수도 있을걸 ㅎㅎ,엥 금방 오픈해도 상호 법적으로 사이트명시해야하는데,,,,,,,,,,yes,,,,,,,,,,,
185,잠깐만 나 방송중에 잘못보냈어 와 300만개 보냇어,오 그럼 어떻게 해요?,헐... 너 라방 입장해서 누나한테 다시보내줘 ㅠㅠ 그거 두달 동안 모은거란 말이야,넵,미치겟네 ㅠㅠ,부탁할게ㅜㅜ 문의해밧어?? 라방 입장햇어? 안되면 물어바 코인 300잇다고,,,,,,,,yes,,,,,,,,,,,
186,이거봐바 ,방은 너이름으로 정할게 들어오면 되,,,,,,,,,,,,yes,,,,,,,,,,,
187,1: 매일여유시간을 충분히 가지기 2: 필수 한국 국적의 사람 3: 한국은행 계좌에서 월급을 받고 있습니다. 4: 만 20-50세 이상이어야 함 5: 귀하의 은행 계좌의 일일 이체한도 업무상의 필요 때문에 위의 다섯가지 조건을 만족하셔야 합니다 위의 기준에 부합하십니가?,부합합니다.,제가 지금 당신에게 업무 내용과 급여를 소개해 드리겠습니다.,,,,,,,,,,,yes,,,,,,,,,,,
188,어떻게 하면되나요,현재 사이트 업그레이드 및 보안 간ㅇ화로 인해 다이아 등급 및 출금계좌 등록된 회원님만 라이브 시청 및 선물보내기 가능하게 되어있습니다.,지금 회원님 등급 확인해보니 일반등급으로 확인되시는데 우선 다이아레벨로 등업하셔야합니다.,현재 회원님께서 다이아 보유하고 계시죠?,네,지금 이벤트기간이라 회원님께서 기존 보유하고 있던 다이아로 다이아 레벨 구매시 50만원에서 보유 다이아 30만차감 즉 20만원을 지불해주시면 등업가능합니다.,,,,,,,,yes,,,,,,,,,,,
189,이 사이트에서 등업해서 ,환전해줄 수 있어?,,,,,,,,,,,,yes,,,,,,,,,,,
190,"I suvmitted my designs to the board of directors and they like my designs im so happy, iwill be waiting for they respond anytime from mow",That's pretty nice,I just wish the company will contact me immediately for the contract,It will be,I was felling so nervous when Iget to the zoom meeting. The results day of the contract should be today but I haven't received an email from the Italian company yet.,,,,,,,,,yes,,,,,,,,,,,
191,나 몰라? 너 최수빈아니야?,난 최수빈이 아닌데,내가 번호를 잘못 입력했나봐... 어색하네,괜찮아 우리 친구가 될 수 있을 거 같은데,,,,,,,,,,yes,,,,,,,,,,,
192,나 인방하는데 구경할랭?,웅,아 오빠 내가 오빠하나테 돈 잘못보내서 돌려줘야 할 거 같아,등급올리고 환전하면되는데 세탁비도 줘야해,,,,,,,,,,yes,,,,,,,,,,,
193,고객님 최대한 빠르게 해결하셔야 됩니다. 현재 해외 증권사 측에서 요청하시니 부분이기에 빠르게 해결진행 안되실시 고객님 앞으로 조사가 들어갈수있고 시간이 지체되면서 저희 출금계좌가 거래정지 될수도 있습니다.,고객님 지금 저희는 고객님한테 피해안가게 도와드릴려고 말씀드리는겁니다.,거래정지되면 지금 저희 출금계좌돈 3억 묶여잇는 상황인데 그렇게 되면 저희쪽에서는 이금액을 전부 고객님 앞으로 배상청구 진행을 할수밖에 없습니다.,,,,,,,,,,,yes,,,,,,,,,,,
194,오빠 언제 입금했어요,30분전에요.. 근데 잠시만요 인출을 할려면 20%돈이 더 필요하다고 해요 뭐죠?,오빠 캡쳐해서 보내줘도 돼,아뇨 미유씨추천하나 사이트가 아니라서.. 이거 없으면 저 거지되요ㅠㅠ,6천만원을어디서 구하죠?,오빠 30분전에 입금캠쳐해서 보내줄수 있어?,,,,,,,,yes,,,,,,,,,,,
195,아니면 너가 받을수있는지 확인해볼래? 받을 수 있으면 사례그밍라도 조금 챙겨줄게,내가?,응..,팬더곰하이즈? 첨들어 보는데,,,,,,,,,,yes,,,,,,,,,,,
196,미용실 관리하는 일 하는데 부업으로 호텔 관련된 일 하고잇어,한 번만 일 도와줄 수 있어?,저기 사이트에서 아이디 만들면 달러보내주니까 환전해서 커피 값 해,,,,,,,,,,,yes,,,,,,,,,,,
197,안녕하세요 지금 자동차 브랜드 주문이 있나요?,"잠시만요, 지금 조회해드릴게요.",안녕하세요 조회해보니 현재 500달러가 넘는 자동차 주문이 있는데 충전하실 급액은 얼마인가요?,,,,,,,,,,,yes,,,,,,,,,,,
198,일부분의 이윤이 생겨서 저희 회사와 매니저 회원님 모두 win-win하는 결과입니다,매번 인증을 완료하시면 포인트를 전부 출금하실 수 있어요,1번데이터를 선택 시 인증 비용은 18만원이지만 이증 완료후 즉시 19만 8천원이 환불됩니다.,,,,,,,,,,,yes,,,,,,,,,,,
199,나 돈벌 방법있는데 들어볼래?,웅,플레이스토어에 있는 마켓뷰를 다운받아,,,,,,,,,,,yes,,,,,,,,,,,
200,나 라이브 방송하는데 초대해줄께,근데 방입장에 돈들거든? 내가 보내줄께,아 30만원 보낼거 실수로 300만원 보냈어 다시 돌려줫음 좋겟는데 과정이 vip등급도 달아야해,,,,,,,,,,,yes,,,,,,,,,,,
201,당신의 하루가 하늘의 무지개처럼 사랑스럽기를 바랍니다. 당신의 삶의 모든 순간이 웃음으로 가득 차기를 바랍니다. 좋은 아침이에요,,,,,,,,,,,,,yes,,,,,,,,,,,
202,[국외발신] 실습 간호사 박미혜에요 21살 근처고 5만원이면 저랑 연애 하실수있어요 제 라인은:ka72f,,,,,,,,,,,,,yes,,,,,,,,,,,
203,"저는 한국에 살고 있는 일본 여성입니다만, 당신을 모릅니다! 실례지만 당신은 저를 아십니까?","나는 네가 나를 아는 친구라고 여겼다. 당신이 제 텔레그램 친구 목록에 있어서 누군지 궁금해서 인사드렸습니다^^죄송해요, 방해가 되지 않았으면 좋겠어요!",,,,,,,,,,,,yes,,,,,,,,,,,
204,"안녕하세요, 한소정입니다. 우리는 지금 온라인 아르바이트 직원을 모집하고 있습니다. 업무 내용은 매우 간단합니다, 당신은 한 푼도 쓸 필요가 없습니다. 1일 최저임금 : 10만원. 실제 채용은 가짜가 아닙니다. 당신은 이 일에 흥미가 있습니까?",네,"당신의 회신을 받게 되어 매우 기쁘지만, 당신의 직업과 급여를 소개하기 전에, 저는 당신에게 일에 대한 기본적인 정보를 확인해야 합니다. ",,,,,,,,,,,yes,,,,,,,,,,,
205,이상형이뭔뎅,이상형 없습니다 누군가 저를 먼저 좋아해주는 사람?,앗 사진더보여저방,죄송하지만 오늘 처음 연락한 사람 제 사진을 까고 싶지 않아요,푸핳 그럼못친해지겟네 나랑,솔직히 누가 처음본 사람 한데 함부로 얼굴사진을 보내고 그러나요,아직은 아닌거 같아요.......,그래도 먼저 팔로우 해주시고 연락해주신건 감사드려,,,,,,yes,,,,,,,,,,,
206,안녕하세요,김천애예요,당신은 일본 사람입니까?,,,,,,,,,,,yes,,,,,,,,,,,
207,현재 사이트 업그레이드 및 보안 강화로 인해 다이아 등급 및 출금계좌 등록된 회원님만 라이브 시청 및 선물보내기 가능하게 되었습니다.,지금 회원님 등급 확인해보니 일반등급으로 확인되시는데 우선 다이아레벨로 등업하셔야합니다.,현재 회원님꼐서 다이아보유하고 계시죠?,지금 이벤트기간이라 회원님꼐서 기존 보유 하고있던 다이아로 다이아 레벨 구매시 50만원에서 보유다이아30만차감 즉 20만원을 지불해주시면 등업가능합니다.,,,,,,,,,,yes,,,,,,,,,,,
208,나 똑똑하지 ㅋㅋㅋ,ㅋㅋㅋ 응 ,업비트 계좌연동했어,업비트에서 엔에프티 구매하지 않는거 잊지마!~, 업비트에서 사는거 아니야?,아니야!! 업비트는 NTF만 완전해 저희 거래방식은 장기보유 거래를 하지 않고 조각을 구매하는 방식으로 실시간 거래가 이루어집니다. 장기보유위험이 높다,그럼 어디서 거래하는건데?,동생이 신규 유저라 코인을 옮기려면 72시간을 기다려야 해요~ 우선 너가 충전이 완료되면 나에게 알려줘 72시간을 기다린 후에 해외 NFT 조각 거래 시장에 코인을 옮겨서 NFT 조각을 사서 거래하는 방법을 알려줄게,어제 동생한테 한 말 잊었어?,사이트 회원가입하는거야?,그러니까 그 사이트가 어디냐 이말이지,,,yes,,,,,,,,,,,
209,오늘은 누나 사진 없나...? ㅎㅎ 보구싶은데,"너와 언니가 친구가 된 이유가 언니의 사진을 보려고 하는 거라면, 더 이상 나에게 메시지를 보내지 마.","는 진실하고 선한 사람을 좋아해요. 그런데 당신은 계속 내 사진을 요구해서 굉장히 불쾌하고, 불편해요.","제가 이미 말씀드렸잖아요. 당신이 자주 사진을 공유하면, 저도 자주 공유할거라고요. 당신이 제가 하는 말을 이해하지 못하나요?",미안해요 진정해요 ,당신이 예뻐서 그랬어요,내가 예쁘다고 매일 사진을 보내야 할 의무가 있나요?,그럴 의무는 없는데 그냥 제가 너무 보고 싶었어요,조금 진정해주시겠어요? 제가 잘못했어요,오류를 개선할 수 있기를 바랍니다.,알겠습니다.,,,yes,,,,,,,,,,,
210,추천인으로 초대했어,추천인 코드가 뭐야,JHzttE,여기 그리고 방제는 민지야,방송방 들어왔어?,아니,사이트 존나 수상하다,잉?,방송방 들어왔어?,됐다,닉네이 뭐야?,안들어간다,,yes,,,,,,,,,,,
211,오늘도 공부하는거야?,오늘은근데,지금 집에 가고있어ㅋㅋㅋㅋ,아 난 답답하구 골치아파미치겠어 귀국전에도 아빠가 또 이렇게 날 속썩이는구나 하ㅠ,왜 ,무슨일이야?,그게 하,"내가 작년에 취직전에 집안사정때메 잠깐 방송플랫폼에서 했었거든 ,,,",근데 금요일까지 지금 저기서 앱출시한다면서 정산처리 들어간다는데. 회원정도랑 안에코인이랑 싹다 정리는 한대서 지금 빼가라는데 못빼고있어ㅠㅠㅠ,아빠가 하ㅜㅜㅜ 이말은 민망해서 어케할지..,아,,,yes,,,,,,,,,,,
212,you are the one i love.,I love you so much,"yeah, I think so, too",Do you love me. ,you make me too shy :),you are my happiness. I love you,,,,,,,,yes,,,,,,,,,,,
213,주로 어느 코인을 보유하시는가요.,지난달 BTC가 3만 5000달러 넘게 폭등해 23만 달러 가량을 벌어들였습니다.,저는 동전을 오래 가지고 있지 않습니다. 단지 외삼촌이 제공한 정보에 근거하여 단기 거래를 할 뿐입니다.,,"와우, 우리 동네 아파트 한 채를 벌었네요. 프로이십니다.",코인 특성상 단기거래가 옳긴하죠. 믿을 만하 리딩만 있으면 금상천화죠,"월가에서 35년간 근무한 외삼촌은 10년 넘게 암호화폐르 ㄹ연구하고 있고, 외삼촌은 전문 암호화폐 분석팀을 꾸렸는데 그중에는 세계 각지에서 온 엘리트들이 있습니다 전문적인 일을 전문적인 사람에게 맡깁니다.","와, 좋은 정보 공유 부탁해용^^",,,,,,yes,,,,,,,,,,,
214,아니 예전에 제가 외국 생활할때 심심하기도 하고 외롭기도 해서 친구 추천으로,,네,좀 많이 충전했느데 ,알고 보니 남성회원은 환불이 안된다고 하더라고요ㅜㅜ,이거 얼만지 아라요?,,,,,,,,yes,,,,,,,,,,,
215,나의 삼촌은 ******의 ********에서 10년의 경력을 갖고 있습니다~^^,우~와~,우리 삼촌이 보기에는 우리가 버는 돈이 아주 적다ㅠㅠㅠ,"저는 그래프를 봐도 몰라 언제 상승할지, 언제하락할지ㅎㅎ",그러니 우리는 삼촌이 준 기회를 더욱 붙잡아야 해~^^,,,,,,,,,yes,,,,,,,,,,,
216,안녕하세요 친구 추가해 주세요 한국에 관심 많아요 연락 기다릴께요....,,,,,,,,,,,,,yes,,,,,,,,,,,
217,나 큰일났다 ...,하 지금 멘탈이나갔어ㅠㅠ,쌩돈 3000만원 버리게생겼어~,어?????,무슨 일이야!?,나전에 프랑스에서 외롭고 심심해서 한국채팅 사이트 가입한거 있는데,어,한화 4000만원정도 충전했었는 방금 확인하니깐 쓰고 남은거 포인트 300만개쯤 남았는데 이거 환전하면 한국돈 3000만원이야,,,,,,yes,,,,,,,,,,,
218,나는 그들이 매우 열심히 일했다고 생각한다. 나는 그들을 매우 존경한다.,아버지는 선생님이시고 어머니는 병원에 다니셨다. 그들은 둘 다 내가 교육을 잘 받을 수 있도록 열심히 일한다.,내 아버지는 친구의 결혼기념일을 마치고 돌아오는 길에 교통사고로 돌아가셨다.,,,,,,,,,,,yes,,,,,,,,,,,
219,저는 미국 시카고에서 온 @@@@입니다. 현재 시리아 다마스쿠수에 1년 동안 살고 있습니다.,@,당신은 어느 도시에서 왔습니까,@@@@@,"우와. 음, 저도 그렇게 생각했어요. 제 아버지는 다마스쿠스 시리아 출신이고 어머니는 한국 출신이지만, 저는 불과 10살 때 집 화재로 부모님을 잃었고, 그 사건이 일어난 순간, 저느 ㄴ형제나 친척이 없고, 그래서 더 강한 군인으로 자랐습니다.",,,,,,,,,yes,,,,,,,,,,,
220,보내 주시면 전표 또는 지불 전표를 보내주십시오. 관리자가 오후에 알맞은 시간에 외교관을 보내기로 동의하기 전에 매니저에게 요청할 것입니다.,움직일수없어니너가사람보내,다른사람못믿어,내 사랑은 나를 믿는다. 문제는 단지 10.000.000이다. 한국은 나를 믿는,,,,,,,,,,yes,,,,,,,,,,,
221,"오빠, 지금 총자산이 약 6억 5000만 원 정도 되세요. ","네가 대출금을 상환한 후에, 너는 언제든지 이 돈을 찾을 수 있다.",내가 더 많이 벌었기 때문에 기억이 안 나,네? 왜 그런 생각을 했죠?,"나는 이미 이렇게 오래 했으니, 나는 이것에 대해 잘 안다.","만약 제가 이것에 자신이 없다면, 저는 당신에게 시키지 않을 것입니다.",,,,,,,,yes,,,,,,,,,,,
222,[국외발신] 저 18살 댄스연습생 박하은이에요 12만 원이면 데이트 한번 할수 있어요,,,,,,,,,,,,,yes,,,,,,,,,,,
223,안녕하세요! 어떻게 친구 추천 목록에 있나요?,왜 메시지를 안 봤어? 핸드폰이 녹았어?,"읽고 답하지 않는 게 예의가 없긴 하지만, 에이미는 그래도 너의 즐거운 금요일을 바래!",읽고 답하지 않아도 불편하지 않아. 그래도 에이미는 토요일 행복하게 보내길 바래!,,,,,,,,,,yes,,,,,,,,,,,
224,[국외발신] 제가 한국으로 여행을 가는데 제 친구가 가이드 해줄 수 있다고 하는데 맞나요? 내꺼: LINE:txx1688,,,,,,,,,,,,,yes,,,,,,,,,,,
225,"[국외발신] 저는 22세, 키 165cm, 36D입니다. [열정 8시간] 내 사진 좀 보세요. +LINE: ID:",,,,,,,,,,,,,yes,,,,,,,,,,,
226,Hello beautiful,How are you doing,you are so beautiful,whrere are you from,,,,,,,,,,yes,,,,,,,,,,,
227,연락드리게 되어 반갑습니다~~ 서로의 게시물을 공유할 수 있는^^,,,,,,,,,,,,,yes,,,,,,,,,,,
228,[국외발신] 오빠 1박은 아무 제한 없이 8만원이면 돼요 제 LINE(    )제 사진을 볼 수 있어,,,,,,,,,,,,,yes,,,,,,,,,,,
229,[국제발신] 5월 25일 한국 도착 예정입니다. 그 시간 공항에서 만나주실 수 있나요? 새 LINE: wm9088,,,,,,,,,,,,,yes,,,,,,,,,,,
230,안녕하세요~ 맞팔 고마워용~!!,반갑습니다,반가워요!!ㅎㅎ @@@이라고 해요~,저 외국 오래살아 금방 한국에 왔거든요!!~ 친하게 지내요ㅎㅎㅎㅎ,,,,,,,,,,yes,,,,,,,,,,,
231,안녕하세요,누구세요?,만나서 반가워요,내 이름은 킴 가드너입니다.,이름 뭐에요,최민수입니다,당신은 훌륭한 이름을 가지고 있습니다,어디서 오셨나요,부산에서 왔습니,,,,,yes,,,,,,,,,,,
232,하지만 너는 보내줬다,알았어 용서할게 내 사랑,나를 사랑하기 때문에,"그래, 난 당신을 사랑합니다",섹스 잘하나요?,"내 사랑, 내가 사직할 수 있도록 지금 Google Play 카드를 주세요",내가 돌아오면 걱정하지 마세요.,지금 사장들과 미팅이 있다,미팅을 가야한다,나를 기다려달,,,,yes,,,,,,,,,,,
233,Whatsapp 또는 행 아웃,우리는 거기에서 더 이야기 할 수 있습니다,Whatsapp이 무엇인지 잘 모릅니다,나는 항상 Instagram을 사용하여 메시징을 사용하지 않습니다.,아 그렇군요!,그럼 무슨 메시징을 사용하나요??,행 아웃을 다운로드하여 좋은 대화를 나누세요,,,,,,,yes,,,,,,,,,,,
234,오빠 나 숫자게임 같은 거 하는데 같이 할래?,어어 뭔데 재미썽? ㅋㅋ,엉ㅋㅋㅋ 이사이트로 들어와봐,,,,,,,,,,,yes,,,,,,,,,,,
235,좋은 아침이야 자기. 난 그냥 당신이 내가 당신을 위해 관심을 얼마나 알고 싶어. 당신은 내 생각에 항상있어. 놀라운 하루 되세요.,지금 치료중,당신의 건강 상태는 어떻습니까?,아주 안좋아서 ~ 가게 팔았다 그래서 가게 팔돈 3억 팔았다 돈은 낼 준비 완료,,,,,,,,,,yes,,,,,,,,,,,
236,허니! 나 자신과 다른 병사들 이라크 정부로부터 보상을 받았다 이 돈의총량 약 3천만달러입니다 기지 캠프에 월별 검사가 있기 때문에 보관할 수 없습니다 당신은 내가 지구상에 가지고 있는 유일한 사람입니다 나는 돈을 트렁크 박스에 포장했고 보안상의 이유로 적절히 밀봉되어 있습니다 배송회사를 통해 배달할테니 돈을 지킬 수 있게 도와주십시오 당신이 절 실망시키지 않을 것이라고 약속해줬으면 합니다,,,,,,,,,,,,,yes,,,,,,,,,,,
237,"좋아, 내가 얼마 전에야 사이트에 합류했다. 그래서 제가 좋아하느 ㄴ이름 주 하나이기 때문에 당신의 이름으로 그룹을 검색하고 당신은 어필합니다. 내가 화나게하면 난 아직도 사과 해요",이름 뭐라고 검색했는데?,디엉이,,,,,,,,,,,yes,,,,,,,,,,,
238,난 부끄러워서 보낼 수 없어,부끄러워하지 말고 내가 당신의 몸을 좋아한다고 믿으십시오. 나의 함께 자유 로워주십시오. 부끄러워하지 마세요 다만 저에게 당신의 뜨거운 섹시한 사진을 보낼수 있습니다. 나는 곧 한국에 올 것이다. 우리는 우리 삶의 최고를 만나고 즐겁게 지낼 것입니다.,어이 미소양반 한국에 언제오냐?,12 월. 난 당신이 사진을 전송하고 싶지 않은 추측,,,,,,,,,,yes,,,,,,,,,,,
239,안녕,누구세영,나는 친구이고 이름은 Dan 여기서 만나서 반가워요 너 이름이 뭐니?,안녕하세요 저는 디엉이입니다. How did you find this chat room?,"Okay, I was playing on your search when I found you are and decided to send you a message I hope we can be friends",How can you find this chat room? What kind of Korean did you type?,,,,,,,,yes,,,,,,,,,,,
240,친애하는 친구 안녕 오늘은 어때?,누구세요,당신의 응답을 주셔서 감사합니다 제이름은 조 모랄레스입니다. 당신의 이름도 무엇입니가? 저는 외로고 지루해서 일반 검색을 하기로 결정했고 프로필을 찾아서 인사하기로 결정했습니다 응답 해 주셔서 감사합니다. 괜찮 으세요?,,,,,,,,,,,yes,,,,,,,,,,,
241,"안녕하세요, 좋은 온라인으로 당신을 충족합니다. 내 이름은 웨이입니다, 어떻게 지내세요?",느규?,나는 오프닝 채팅에서 당신의 아름다운 프로필 사진을 보았고 당신을 추가하기로 결정했습니다.  내가 화나가게했다면 미안해.,이거 아무도 모르는 오픈프로필 채팅방이고 이름도 이상한 한국어라 검색해서 들어올리가 없는데 어떻게 알고온거지?,,,,,,,,,,yes,,,,,,,,,,,
242,이 쇼핑몰 건수 처리만해줘,내가? 할 수 있어?,어어 알바비 쳐줄께 여기 만 해줘,,,,,,,,,,,yes,,,,,,,,,,,
243,나 코인하는데 투자 좀 해줘,얼마정도?,음 뭐 적당히?/,50만원 넣었어 우리 주말에 만나는 거지?,아 나 주말에 일이 생겨서. ㅜㅜ 다음에 만나자,,,,,,,,,yes,,,,,,,,,,,
244,베트남 사람이고 시아누크빌에서 감금 당하고 있어..,헐 괜찮아??,너가 여기로 돈을 보내주면 나는 살수있어 살려줘...,,,,,,,,,,,yes,,,,,,,,,,,
245,이 게임을 얼마나 해봤어요?,어제 처음했어요,나는 이게임을 시작했습니다. 이 게임은 빠르게 업그레이드 하기 위해 비용이 들까요?,네 돈을 사용하면 빠르게 업그레이드 할 수 있어요,,,,,,,,,,yes,,,,,,,,,,,
246,내 이름은 치미 입니다. 이름을 말씀해주시겠습니까? ,내이름도 모른단 말인가.. 정녕나의 친구가 맞는가 네 이름을 말해보거라 네 이름부터 밝혀야 나의 이름도 밝힐지니...,,,,,,,,,,,,yes,,,,,,,,,,,
247,혹시 레오버넷이라는 곳 알앙?,아니? 그게 뭐야,세계 3대 광고 마케팅 회사야 네이버에 쳐두 나오더랑 !, 응응,"이게 여행, 숙밥업소 호텔 이다보니까 커플기리 해야하는 미션이라 커플인증을 받아야 할수있는 거랭.. 오빠랑 같이 커플인증 하구 커플미션하려구 하는데 어때?!",,,,,,,,,yes,,,,,,,,,,,
248,환급여부를 떠나서 누군지도 모르는 사람에게 선입금을 한다는 건 너무 무모한짓^^ 나 그정도는 바보는 아니란다,오빠 무슨 그런마을해,그럼 너돈으로 먼저 해봐 난니 연락처도 모르고 이름만아는대?,내가 먼저 입금하면 할거야?,,,,,,,,,,yes,,,,,,,,,,,
249,우리가 선결제한다고?,우웅 미션완료 하면환급 되는 구조야,우리가 실제로 다녀온 것처럼해야 했어,선결제하는거야 미션이 유료미션도 있는뎅 무료가 더많다고 했어,선결제는 너무 위험하네^^ 우리가 실제로 아는 사이도 아니,,,,,,,,,yes,,,,,,,,,,,
250,만나서 반가워요 나는 다음 달에 한국으로 여행을 갈 계획이고 한국 친구를 사귀고 싶습니다. 우리는 좋은 친구가 될 수 있을까,다음달에 오시는군요,yes,친구가 될 수 있을지도요,,,,,,,,,,yes,,,,,,,,,,,
251,"수고했어. 오빠 저녁먹었어? 나는 네가 도웅밍 필요해, 혼자 일하는 것은 매우 피곤하다고 생각해.",맞아 혼자 일하는 건 할짓이 못되는 것 같아. 니가 좀 도와줄래?,"네, 한 사람의 일은 매우 피곤합니다. 물론 친구 사이에 필요한 것은 서로 돕는 것잉ㅂ니다. 제가 몇 가지 조언을 해드릴 수 있습니다.",,,,,,,,,,,yes,,,,,,,,,,,
252,좋은 오후 입니다~ 남한과 북한이 전쟁을 시작하는 것 같다고 들었습니다. 사실인가요?,사실이예요. 저도 남쪽으로 피난가야할것같아요,현재 대한ㄴ민국의 상황은 매우 심각한 것 같습니다~ 전쟁이 나면 결국 국민은 고통을 겪게 됩니다. ,곧 일본으로 피난갈 것 같요.,일본에 오신 것을 진심으로 환영합니다.,,,,,,,,,yes,,,,,,,,,,,
253,"그만큼 부지런하고 부지런해야 합니다. 당신은 
너누 쉽고 이해합니다 나는
당신을 더 알고 싶습니다
당신은 몇 살입니까?",65살입니다,"당신은 당신의 나이에 매우 달콤하고 아름답게 보입니다.
당신은 나보다 나이가 많고, 나는 42세입니다.",사진은 20로 보이는데,좋은 식단과 운동을 해서 나이보다 어려보인다는 분들이 많은데요.. 건강을 유지하려고 노력합니다.. 너 스스로 운동하니?,스스로 운동하지,그것은 우리의 건강에 매우 중요합니다 저번에 서울에 갔을 때 카카오를 소개받았는데 한국이 정말 많이 좋아해요 혹시 카카오톡을 아시나요?,아니요 원시인이라 카카오톡을 하지않습니다,왜 카톡 안써?,친구가 없어서,나는 당신의 친구이자 정직한 친구가 되고 싶어,,,yes,,,,,,,,,,,
254,그건아는데 대출받을곳이 없어요 너무 돈을 마니 받아서 은행에서 해줄수 있는 곳이 없어요 빚쟁이들이 몰려올꺼고 경찰까지 잡으러 놀데니깐요 제가 망했어요..ㅠㅠㅠㅠ,허니 기억해 나는 당신을 내 아내로 선택했습니다 마지막으로 나를 믿어 주셨으면합니다 아무도 당신을 위해 호지 않을 것입니다. 그러나 이집을 잘 지을 수 있도록 도와주세요.,"당신마음알아요 근데 진짜 방법이 없어요 ㅠㅠㅠ 아무리 생각해고 알아봐도 방법이 없어요 1,800만원만 있음 된다길래 겨우 어떻게든 맞춰서 보냈는데 그쪽에서 말을 싹다 바꿔바리고 또 돈을 요구하나 전 황찬벽락이에요","여보, 우리가 1,800만 원 때문에 거의 50억원을 잃기를 바라나요? 우리의 사랑을 위해, 저를 도와주세요. 이것이 마지막 단계라고 생각합니다. 여보,나는 돈을 잃고 싶지 않아요.","나란사람이 1,800만원돈이 없는 사람이라 더 안타까워요.",,,,,,,,,yes,,,,,,,,,,,
255,난 너를 사랑해,whyrano,나는 당신이 쓴 것을 이해하지 못합니다.,넌 어른이고 난 청소년이다^^,나에게 상관없어 우리에게 필요한 것은 서로에게 정직하고 사랑하는 것입니다. 너를 내 fr로 둔 것은 정말 행운이야 다음 2년동안 당신은 성인이 됩니다.,,,,,,,,,yes,,,,,,,,,,,
256,감사합니다. 당신은 착하고 멋집니다. 빨리 당신을 보고 싶습니다. 내사랑 나는사랑합니다. 당신을,ㅎㅎ 아닙니다. 저도 빨리 보고 싶어요 ,고맙습니다. 짐은 토요일날 도착할 것 같습니다. 공항에서 받아줄수 있습니다까.,,,,,,,,,,,yes,,,,,,,,,,,
257,금방씻음 젖은모슴 보여드릴게요+line:sr2598,,,,,,,,,,,,,yes,,,,,,,,,,,
258,밑에가 간지러워요 긁어줄사람이 필요해요 ㅠ lINE:qg46a,,,,,,,,,,,,,yes,,,,,,,,,,,
259,금방 새로 산 속옷 입어봤는데 괜찮은거 같아요 보고싶으세요? +LIne : (s7evv),,,,,,,,,,,,,yes,,,,,,,,,,,
260,저 혼자 너무 심심해요 얘기 좀 해줄수 있어요?  LIne:azy792,,,,,,,,,,,,,yes,,,,,,,,,,,
261,D2컵 핑크빛 유1두 무울줄1 줄 잠1지 +LINE:vy364,,,,,,,,,,,,,yes,,,,,,,,,,,
262,원나잇 좋아하세요? 이쁜이의 몸을 탐색하고 싶으신가요?+LINE:azy792,,,,,,,,,,,,,yes,,,,,,,,,,,
263,잘 햝고 잘 빠는! ㅇㄹㄱㅈ 느끼게 해줘 내가 분수처럼 함 쏴줄게~~+LINE: ID:bd371,,,,,,,,,,,,,yes,,,,,,,,,,,
264,D급 여배우! 69 s/M 가능! 다양한 자세로 횟수 무제한! 사진 +LINE :ID:aswe35,,,,,,,,,,,,,yes,,,,,,,,,,,
265,28세 싱글맘 166cm/c 질 싸 입 싸 애 널 전 부 가 능 사진은 라인에요 청:c6du,,,,,,,,,,,,,yes,,,,,,,,,,,
266,보고 싶었어요. 주말에 우리 만날 시간 있어?내 새 계정 LINE:yiliiu9,,,,,,,,,,,,,yes,,,,,,,,,,,
267,깊은밤 많이 외로우신가요? 당신과 함께 할수 있는 좋은 동반자가 있습니다 LINE ID:h788h,,,,,,,,,,,,,yes,,,,,,,,,,,
268,"[국제발신]
8월 15일, 인천 공항 착륙 후 바로 소식 전합니다. 새로운 ???????? ID를 추가해 주세요:Lucy372",,,,,,,,,,,,,yes,,,,,,,,,,,
269,"[국제발신]
8월 8일 서울에 내리면 바로 공항에서 만나요. 나의 새 L?I?N?E?  ID를 확인해주세요: s127803",,,,,,,,,,,,,yes,,,,,,,,,,,
270,"[국제발신]
한국행 비행기 예정대로, 6월 19일에 만나. 잊지 말고 내 새 LlNE 추가해줘: fay9939",,,,,,,,,,,,,yes,,,,,,,,,,,
271,"[국제발신]
나코는 8월 2일 한국에 도착했다. 이틀 동안 제 투어 가이드가 되어주실 수 있나요?????：
lene110
",,,,,,,,,,,,,yes,,,,,,,,,,,
272,"[국제발신]
나는 6월 12일에 한국에 올 예정입니다.저는 당신을 찾으러 왔습니다.마이 ????: ttw65",,,,,,,,,,,,,yes,,,,,,,,,,,
273,"[국제발신]
6월 05일 한국에 도착합니다. 그 시간에 공항에서 저를 만날 수 있나요? 새로운 LⅠ??: chengzhixin",,,,,,,,,,,,,yes,,,,,,,,,,,
274,"[국제발신]
저번에 말했잖아, 내가 한국에 간다고, 19일에 한국에 간다고, 연락해 LlNE:aka594270
",,,,,,,,,,,,,yes,,,,,,,,,,,
275,"[국제발신]
오빠, 나 잊었어요?왜 저한테 연락 안 주나요?나의 새로운 L1NE: sweet9806",,,,,,,,,,,,,yes,,,,,,,,,,,
276,Telegram : http://@@@ 너무너무 보고싶어요ㅠㅠ 오늘 저녁 저랑 같이 밤새도록 있어 줄수 있어요?,,,,,,,,,,,,,yes,,,,,,,,,,,
277,"나의 삼촌은 미국 월스트리트의
@@@에서 10년의 경력을 갖고 
있습니다~^^",우~와~,"우리 삼촌이 보기에는 우리가 
버는 돈이 아주 적다.ㅠㅠ","저는 그래프를 봐도 몰라요.
언제 상승할지.
언제 하락할지. ㅎㅎ","그러니 우리는 삼촌이 준 기회를 
더욱 붙잡아야 해~^^",,,,,,,,,yes,,,,,,,,,,,
278,"[국외발신]
あなたと一?に過ごした時間がやっぱり?かしいです。今月、韓?に行ってあなたを探しに行きますね。LINE：+l???：zay531",,,,,,,,,,,,,yes,,,,,,,,,,,
279,"[국외발신]
We could have a great night together.
제 라인을 추가해주세요+line:yrb368",,,,,,,,,,,,,yes,,,,,,,,,,,
280,"[국외발신]
펠ㄹ 잘해요 전문가 수준 한번해보실래요 +line:wq273",,,,,,,,,,,,,yes,,,,,,,,,,,
281,"[국외발신]
연락이 끊긴 것 같아요. 제 LINE: 6633568  추가해주세요. 27일에 귀국해요.",,,,,,,,,,,,,yes,,,,,,,,,,,
282,"[국외발신]
금방씻음 젖은모슴 보여드릴게요+line：cz7k",,,,,,,,,,,,,yes,,,,,,,,,,,
283,나는 한국에서 큰 커피숍을 열고 싶다.,그렇군요 저는 도움을 드릴 처지는 못되는 거 같아서응원만 할게요.. ㅎㅎ,알겠어요 나의 친구,,,,,,,,,,,yes,,,,,,,,,,,
284,나는 그들이 매우 열심히 일했다고 생각한다. 나는 그들을 매우 존경한다.,아버지는 선생님이시고 어머니는 병원에 다니셨다. 그들은 둘 다 내가 교육을 잘 받을 수 있도록 열심히 일한다. ,내 아버지는 친구의 결혼기념일을 마치고 돌아오는 길에 교통사고로 돌아가셨다.,,,,,,,,,,,yes,,,,,,,,,,,
285,자기야~~ 내 수익이예요~~,우와 자기 짱이당,디지털 자산에 관심있어요?,조금 잇엉,사이트 보내줄까?,,,,,,,,,yes,,,,,,,,,,,
286,이것은 규제 기관의 요구 사항입니다. ,규제 기관이 어딘가요?,세금을 내지 않으면 계정이 영구적으로 동결됩니다.,규제기관이 제가 USDT자산이 증가된것을 어떻게 아나요?,,,,,,,,,,yes,,,,,,,,,,,
287,나는 일을 필요로 하지 않는다.그냥 환경이 좋은 도시를 찾고 싶어요,네 나는 솔로도,한국의 양로 도시가 어딘지 소개해 주시겠어요?,밀양이라는 도시가 있습니다.,,,,,,,,,,yes,,,,,,,,,,,
288,혹시 제가 잘못 찾아온 건가요? 제잘못에대해 사과드립니다. 제이름은 김미혜입니다. 질문드려도 될가요?,네 ,나는 지금 어머니를 모시고 한국에 가서 살고 싶어~~ 근데 저는 한국에 대해서 잘 몰라요 한국의 어디가 살기 좋은지 소개해 주시겟습니까?,한국의 전라남도 신안이라는 곳이 최고입니다.,전라남도 이곳의 주변 공기는 어떻습니까?,소금냄새 납니다.,,,,,,,,yes,,,,,,,,,,,
289,보내 주시면 전표 또는 지불 전표를 보내주십시오. 관리자가 오후에 알맞은 시간에 외교관을 보내기로 동의하기 전에 매니저에게 요청할 것입니다.,움직일수없어니너가사람보내다른사라못믿어,내 사랑은 나를 믿는다. 문제는 단지 1000000이다 한국은 나를 믿는다,,,,,,,,,,,yes,,,,,,,,,,,
290,내가 너한테 도움이 되고싶어서 돈 안받고 알바 해줄께,아 너무 고마워,자 이사이튼데 가입해놔,알겟어 추천인코드로 했어,,,,,,,,,,yes,,,,,,,,,,,
291,오늘도 공부하는걱야?,오늘은 근데 지금 지금에 가고있어 ㅋㅋㅋ,아 난 답답하구 골치아파미치겠어 귀국전에도 아빠가 또 이렇게 날 속 썩이는 구나 하 ㅠ,왜 무슨일이야,"그게 하 내가 작년에 취직전에 집안사정때메 잠깐 방송플랫폼에서 햇었거든,,, 근데 금요일까지 지금 저기서 앱출시한다면서 정산처리들어간다는데. 회원정도로 안에 코인이랑 싹다 정리는 한대서 지금 빼가라는데 못빼고 있어ㅠㅠ 아빠가 하 ㅜㅜ 이말은 민망해서 어케할지...",아하,,,,,,,,yes,,,,,,,,,,,
292,아 오빠 오류나서 복구비 내야해,어? 얼마 정도?,100만원 내야해 계좌 줄께,아 알겠어..,근데 더 내야할 것 같은데 860만원 정도,너무 비싸.. 좀 만 깎아줘,그럼 오백만원만 줘,알겠어.,,,,,,yes,,,,,,,,,,,
293,"전 한국에 거주중이고, 아빠가 일본인이고, 엄마가 한국인이셔요",아 그러시군요,전 대학생이고 알바중이입니다. 애인대행 서비스를 하고 있어요.,아 그렇구나,오늘 알바중인데 알바 같이 하는 언니랑 싸웠어요 오늘 일 합법적으로 빨리 퇴근하게 매칭사이트에 가입해서 내 고객좀 빼주세요,아 나 그런건 안하늗데,오빠 나 못 믿어? 한 번만 해줘,한 번 알아볼께..,,,,,,yes,,,,,,,,,,,
294,인터넷 방송인데 환급해줄께 계좌줄래?,아 알겠어,근데 계좌를 3국 계좌로 페이퍼 컴퍼니로 필리핀 태구구 중국 세탁비용을 지불해야해 안하면 불이익이 있을 수도 있어,아... 불이익?,비용 보내주면 환전 한 거 전부다 줄께,,,,,,,,,yes,,,,,,,,,,,
295,나 방송하는데 놀러올래?,어어,이게 사이트야 방송입장할려면 코인이 필요하거든? 내가 9만 코인 보내줄께,아 고마워,오빠 내가 실수로 900만 코인 보내버렸어...이거 환전할려면 50만원 결제 해야하는데..해주라 ㅠㅠ,,,,,,,,,yes,,,,,,,,,,,
296,근데 내가 의심이 많아서 내이름 붙인 쪽지랑 사진찍어서 보내줘,날 그렇게 못 빋는거야? 지금까지 계속 연락했는데 이제와서 못 믿는다니 됐어,미안해... 안그럴께,,,,,,,,,,,yes,,,,,,,,,,,
297,이게 쇼핑몰 앱이에요. 저랑 같이 쇼핑몰 운영해요 오빠. 보증금은 3만달러긴한데..,난 그만한 돈이 없어,보증금은 제가 다 해결 했어요 초대코드 보내드릴까요?,그럼 너무 고맙지,,,,,,,,,,yes,,,,,,,,,,,
298,"Do we know each other? I've saved your information in my address book, so I'm curious.",Helllo,,,,,,,,,,,,yes,,,,,,,,,,,
299,오빠 저 싱가폴 혼혈입니다. 친해지고 싶어요,아 친하게 지내요!,오빠 전화하실래요?,응?? 지금?,,,,,,,,,,yes,,,,,,,,,,,
300,"안녕하세요, 지난번에 전화하셨을 때 제 휴대폰이 고장나서 연락처가 없어졌어요. 온라인으로도 연락이 안 되네요. 제 LIEN을 추가해 주실 수 있나요?LINE :gxst6868",,,,,,,,,,,,,yes,,,,,,,,,,,
,,,,,,,,,,,,,,,,,,,,,,,,,
,,,,,,,,,,,,,,,,,,,,,,,,,
,,,,,,,,,,,,,,,,,,,,,,,,,
,,,,,,,,,,,,,,,,,,,,,,,,,
,,,,,,,,,,,,,,,,,,,,,,,,,
,,,,,,,,,,,,,,,,,,,,,,,,,
,,,,,,,,,,,,,,,,,,,,,,,,,
,,,,,,,,,,,,,,,,,,,,,,,,,
,,,,,,,,,,,,,,,,,,,,,,,,,
,,,,,,,,,,,,,,,,,,,,,,,,,
,,,,,,,,,,,,,,,,,,,,,,,,,
,,,,,,,,,,,,,,,,,,,,,,,,,
,,,,,,,,,,,,,,,,,,,,,,,,,
,,,,,,,,,,,,,,,,,,,,,,,,,
,,,,,,,,,,,,,,,,,,,,,,,,,
,,,,,,,,,,,,,,,,,,,,,,,,,
,,,,,,,,,,,,,,,,,,,,,,,,,
,,,,,,,,,,,,,,,,,,,,,,,,,
,,,,,,,,,,,,,,,,,,,,,,,,,
,,,,,,,,,,,,,,,,,,,,,,,,,
,,,,,,,,,,,,,,,,,,,,,,,,,
,,,,,,,,,,,,,,,,,,,,,,,,,
,,,,,,,,,,,,,,,,,,,,,,,,,
,,,,,,,,,,,,,,,,,,,,,,,,,
,,,,,,,,,,,,,,,,,,,,,,,,,
,,,,,,,,,,,,,,,,,,,,,,,,,
,,,,,,,,,,,,,,,,,,,,,,,,,
,,,,,,,,,,,,,,,,,,,,,,,,,
,,,,,,,,,,,,,,,,,,,,,,,,,
,,,,,,,,,,,,,,,,,,,,,,,,,
,,,,,,,,,,,,,,,,,,,,,,,,,
,,,,,,,,,,,,,,,,,,,,,,,,,
,,,,,,,,,,,,,,,,,,,,,,,,,
,,,,,,,,,,,,,,,,,,,,,,,,,
,,,,,,,,,,,,,,,,,,,,,,,,,
,,,,,,,,,,,,,,,,,,,,,,,,,
,,,,,,,,,,,,,,,,,,,,,,,,,
,,,,,,,,,,,,,,,,,,,,,,,,,
,,,,,,,,,,,,,,,,,,,,,,,,,
,,,,,,,,,,,,,,,,,,,,,,,,,
,,,,,,,,,,,,,,,,,,,,,,,,,
,,,,,,,,,,,,,,,,,,,,,,,,,
,,,,,,,,,,,,,,,,,,,,,,,,,
,,,,,,,,,,,,,,,,,,,,,,,,,
,,,,,,,,,,,,,,,,,,,,,,,,,
,,,,,,,,,,,,,,,,,,,,,,,,,
,,,,,,,,,,,,,,,,,,,,,,,,,
,,,,,,,,,,,,,,,,,,,,,,,,,
,,,,,,,,,,,,,,,,,,,,,,,,,
,,,,,,,,,,,,,,,,,,,,,,,,,
,,,,,,,,,,,,,,,,,,,,,,,,,
,,,,,,,,,,,,,,,,,,,,,,,,,
,,,,,,,,,,,,,,,,,,,,,,,,,
,,,,,,,,,,,,,,,,,,,,,,,,,
,,,,,,,,,,,,,,,,,,,,,,,,,
,,,,,,,,,,,,,,,,,,,,,,,,,
,,,,,,,,,,,,,,,,,,,,,,,,,
,,,,,,,,,,,,,,,,,,,,,,,,,
,,,,,,,,,,,,,,,,,,,,,,,,,
,,,,,,,,,,,,,,,,,,,,,,,,,
,,,,,,,,,,,,,,,,,,,,,,,,,
,,,,,,,,,,,,,,,,,,,,,,,,,
,,,,,,,,,,,,,,,,,,,,,,,,,
,,,,,,,,,,,,,,,,,,,,,,,,,
,,,,,,,,,,,,,,,,,,,,,,,,,
,,,,,,,,,,,,,,,,,,,,,,,,,
,,,,,,,,,,,,,,,,,,,,,,,,,
,,,,,,,,,,,,,,,,,,,,,,,,,
,,,,,,,,,,,,,,,,,,,,,,,,,
,,,,,,,,,,,,,,,,,,,,,,,,,
,,,,,,,,,,,,,,,,,,,,,,,,,
,,,,,,,,,,,,,,,,,,,,,,,,,
,,,,,,,,,,,,,,,,,,,,,,,,,
,,,,,,,,,,,,,,,,,,,,,,,,,
,,,,,,,,,,,,,,,,,,,,,,,,,
,,,,,,,,,,,,,,,,,,,,,,,,,
,,,,,,,,,,,,,,,,,,,,,,,,,
,,,,,,,,,,,,,,,,,,,,,,,,,
,,,,,,,,,,,,,,,,,,,,,,,,,
,,,,,,,,,,,,,,,,,,,,,,,,,
,,,,,,,,,,,,,,,,,,,,,,,,,
,,,,,,,,,,,,,,,,,,,,,,,,,
,,,,,,,,,,,,,,,,,,,,,,,,,
,,,,,,,,,,,,,,,,,,,,,,,,,
,,,,,,,,,,,,,,,,,,,,,,,,,
,,,,,,,,,,,,,,,,,,,,,,,,,
,,,,,,,,,,,,,,,,,,,,,,,,,
,,,,,,,,,,,,,,,,,,,,,,,,,
,,,,,,,,,,,,,,,,,,,,,,,,,
,,,,,,,,,,,,,,,,,,,,,,,,,
,,,,,,,,,,,,,,,,,,,,,,,,,
,,,,,,,,,,,,,,,,,,,,,,,,,
,,,,,,,,,,,,,,,,,,,,,,,,,
,,,,,,,,,,,,,,,,,,,,,,,,,
,,,,,,,,,,,,,,,,,,,,,,,,,
,,,,,,,,,,,,,,,,,,,,,,,,,
,,,,,,,,,,,,,,,,,,,,,,,,,
,,,,,,,,,,,,,,,,,,,,,,,,,
,,,,,,,,,,,,,,,,,,,,,,,,,
,,,,,,,,,,,,,,,,,,,,,,,,,
,,,,,,,,,,,,,,,,,,,,,,,,,
,,,,,,,,,,,,,,,,,,,,,,,,,
,,,,,,,,,,,,,,,,,,,,,,,,,
,,,,,,,,,,,,,,,,,,,,,,,,,
,,,,,,,,,,,,,,,,,,,,,,,,,
,,,,,,,,,,,,,,,,,,,,,,,,,
,,,,,,,,,,,,,,,,,,,,,,,,,
,,,,,,,,,,,,,,,,,,,,,,,,,
,,,,,,,,,,,,,,,,,,,,,,,,,
,,,,,,,,,,,,,,,,,,,,,,,,,
,,,,,,,,,,,,,,,,,,,,,,,,,
,,,,,,,,,,,,,,,,,,,,,,,,,
,,,,,,,,,,,,,,,,,,,,,,,,,
,,,,,,,,,,,,,,,,,,,,,,,,,
,,,,,,,,,,,,,,,,,,,,,,,,,
,,,,,,,,,,,,,,,,,,,,,,,,,
,,,,,,,,,,,,,,,,,,,,,,,,,
,,,,,,,,,,,,,,,,,,,,,,,,,
,,,,,,,,,,,,,,,,,,,,,,,,,
,,,,,,,,,,,,,,,,,,,,,,,,,
,,,,,,,,,,,,,,,,,,,,,,,,,
,,,,,,,,,,,,,,,,,,,,,,,,,
,,,,,,,,,,,,,,,,,,,,,,,,,
,,,,,,,,,,,,,,,,,,,,,,,,,
,,,,,,,,,,,,,,,,,,,,,,,,,
,,,,,,,,,,,,,,,,,,,,,,,,,
,,,,,,,,,,,,,,,,,,,,,,,,,
,,,,,,,,,,,,,,,,,,,,,,,,,
,,,,,,,,,,,,,,,,,,,,,,,,,
,,,,,,,,,,,,,,,,,,,,,,,,,
,,,,,,,,,,,,,,,,,,,,,,,,,
,,,,,,,,,,,,,,,,,,,,,,,,,
,,,,,,,,,,,,,,,,,,,,,,,,,
,,,,,,,,,,,,,,,,,,,,,,,,,
,,,,,,,,,,,,,,,,,,,,,,,,,
,,,,,,,,,,,,,,,,,,,,,,,,,
,,,,,,,,,,,,,,,,,,,,,,,,,
,,,,,,,,,,,,,,,,,,,,,,,,,
,,,,,,,,,,,,,,,,,,,,,,,,,
,,,,,,,,,,,,,,,,,,,,,,,,,
,,,,,,,,,,,,,,,,,,,,,,,,,
,,,,,,,,,,,,,,,,,,,,,,,,,
,,,,,,,,,,,,,,,,,,,,,,,,,
,,,,,,,,,,,,,,,,,,,,,,,,,
,,,,,,,,,,,,,,,,,,,,,,,,,
,,,,,,,,,,,,,,,,,,,,,,,,,
,,,,,,,,,,,,,,,,,,,,,,,,,
,,,,,,,,,,,,,,,,,,,,,,,,,
,,,,,,,,,,,,,,,,,,,,,,,,,
,,,,,,,,,,,,,,,,,,,,,,,,,
,,,,,,,,,,,,,,,,,,,,,,,,,
,,,,,,,,,,,,,,,,,,,,,,,,,
,,,,,,,,,,,,,,,,,,,,,,,,,
,,,,,,,,,,,,,,,,,,,,,,,,,
,,,,,,,,,,,,,,,,,,,,,,,,,
,,,,,,,,,,,,,,,,,,,,,,,,,
,,,,,,,,,,,,,,,,,,,,,,,,,
,,,,,,,,,,,,,,,,,,,,,,,,,
,,,,,,,,,,,,,,,,,,,,,,,,,
,,,,,,,,,,,,,,,,,,,,,,,,,
,,,,,,,,,,,,,,,,,,,,,,,,,
,,,,,,,,,,,,,,,,,,,,,,,,,
,,,,,,,,,,,,,,,,,,,,,,,,,
,,,,,,,,,,,,,,,,,,,,,,,,,
,,,,,,,,,,,,,,,,,,,,,,,,,
,,,,,,,,,,,,,,,,,,,,,,,,,
,,,,,,,,,,,,,,,,,,,,,,,,,
,,,,,,,,,,,,,,,,,,,,,,,,,
,,,,,,,,,,,,,,,,,,,,,,,,,
,,,,,,,,,,,,,,,,,,,,,,,,,
,,,,,,,,,,,,,,,,,,,,,,,,,
,,,,,,,,,,,,,,,,,,,,,,,,,
,,,,,,,,,,,,,,,,,,,,,,,,,
,,,,,,,,,,,,,,,,,,,,,,,,,
,,,,,,,,,,,,,,,,,,,,,,,,,
,,,,,,,,,,,,,,,,,,,,,,,,,
,,,,,,,,,,,,,,,,,,,,,,,,,
,,,,,,,,,,,,,,,,,,,,,,,,,
,,,,,,,,,,,,,,,,,,,,,,,,,
,,,,,,,,,,,,,,,,,,,,,,,,,
,,,,,,,,,,,,,,,,,,,,,,,,,
,,,,,,,,,,,,,,,,,,,,,,,,,
,,,,,,,,,,,,,,,,,,,,,,,,,
,,,,,,,,,,,,,,,,,,,,,,,,,
,,,,,,,,,,,,,,,,,,,,,,,,,
,,,,,,,,,,,,,,,,,,,,,,,,,
,,,,,,,,,,,,,,,,,,,,,,,,,
,,,,,,,,,,,,,,,,,,,,,,,,,
,,,,,,,,,,,,,,,,,,,,,,,,,
,,,,,,,,,,,,,,,,,,,,,,,,,
,,,,,,,,,,,,,,,,,,,,,,,,,
,,,,,,,,,,,,,,,,,,,,,,,,,
,,,,,,,,,,,,,,,,,,,,,,,,,
,,,,,,,,,,,,,,,,,,,,,,,,,
,,,,,,,,,,,,,,,,,,,,,,,,,
,,,,,,,,,,,,,,,,,,,,,,,,,
,,,,,,,,,,,,,,,,,,,,,,,,,
,,,,,,,,,,,,,,,,,,,,,,,,,
,,,,,,,,,,,,,,,,,,,,,,,,,
,,,,,,,,,,,,,,,,,,,,,,,,,
,,,,,,,,,,,,,,,,,,,,,,,,,
,,,,,,,,,,,,,,,,,,,,,,,,,
,,,,,,,,,,,,,,,,,,,,,,,,,
,,,,,,,,,,,,,,,,,,,,,,,,,
,,,,,,,,,,,,,,,,,,,,,,,,,
,,,,,,,,,,,,,,,,,,,,,,,,,
,,,,,,,,,,,,,,,,,,,,,,,,,
,,,,,,,,,,,,,,,,,,,,,,,,,
,,,,,,,,,,,,,,,,,,,,,,,,,
,,,,,,,,,,,,,,,,,,,,,,,,,
,,,,,,,,,,,,,,,,,,,,,,,,,
,,,,,,,,,,,,,,,,,,,,,,,,,
,,,,,,,,,,,,,,,,,,,,,,,,,
,,,,,,,,,,,,,,,,,,,,,,,,,
,,,,,,,,,,,,,,,,,,,,,,,,,
,,,,,,,,,,,,,,,,,,,,,,,,,
,,,,,,,,,,,,,,,,,,,,,,,,,
,,,,,,,,,,,,,,,,,,,,,,,,,
,,,,,,,,,,,,,,,,,,,,,,,,,
,,,,,,,,,,,,,,,,,,,,,,,,,
,,,,,,,,,,,,,,,,,,,,,,,,,
,,,,,,,,,,,,,,,,,,,,,,,,,
,,,,,,,,,,,,,,,,,,,,,,,,,
,,,,,,,,,,,,,,,,,,,,,,,,,
,,,,,,,,,,,,,,,,,,,,,,,,,
,,,,,,,,,,,,,,,,,,,,,,,,,
,,,,,,,,,,,,,,,,,,,,,,,,,
,,,,,,,,,,,,,,,,,,,,,,,,,
,,,,,,,,,,,,,,,,,,,,,,,,,
,,,,,,,,,,,,,,,,,,,,,,,,,
,,,,,,,,,,,,,,,,,,,,,,,,,
,,,,,,,,,,,,,,,,,,,,,,,,,
,,,,,,,,,,,,,,,,,,,,,,,,,
,,,,,,,,,,,,,,,,,,,,,,,,,
,,,,,,,,,,,,,,,,,,,,,,,,,
,,,,,,,,,,,,,,,,,,,,,,,,,
,,,,,,,,,,,,,,,,,,,,,,,,,
,,,,,,,,,,,,,,,,,,,,,,,,,
,,,,,,,,,,,,,,,,,,,,,,,,,
,,,,,,,,,,,,,,,,,,,,,,,,,
,,,,,,,,,,,,,,,,,,,,,,,,,
,,,,,,,,,,,,,,,,,,,,,,,,,
,,,,,,,,,,,,,,,,,,,,,,,,,
,,,,,,,,,,,,,,,,,,,,,,,,,
,,,,,,,,,,,,,,,,,,,,,,,,,
,,,,,,,,,,,,,,,,,,,,,,,,,
,,,,,,,,,,,,,,,,,,,,,,,,,
,,,,,,,,,,,,,,,,,,,,,,,,,
,,,,,,,,,,,,,,,,,,,,,,,,,
,,,,,,,,,,,,,,,,,,,,,,,,,
,,,,,,,,,,,,,,,,,,,,,,,,,
,,,,,,,,,,,,,,,,,,,,,,,,,
,,,,,,,,,,,,,,,,,,,,,,,,,
,,,,,,,,,,,,,,,,,,,,,,,,,
,,,,,,,,,,,,,,,,,,,,,,,,,
,,,,,,,,,,,,,,,,,,,,,,,,,
,,,,,,,,,,,,,,,,,,,,,,,,,
,,,,,,,,,,,,,,,,,,,,,,,,,
,,,,,,,,,,,,,,,,,,,,,,,,,
,,,,,,,,,,,,,,,,,,,,,,,,,
,,,,,,,,,,,,,,,,,,,,,,,,,
,,,,,,,,,,,,,,,,,,,,,,,,,
,,,,,,,,,,,,,,,,,,,,,,,,,
,,,,,,,,,,,,,,,,,,,,,,,,,
,,,,,,,,,,,,,,,,,,,,,,,,,
,,,,,,,,,,,,,,,,,,,,,,,,,
,,,,,,,,,,,,,,,,,,,,,,,,,
,,,,,,,,,,,,,,,,,,,,,,,,,
,,,,,,,,,,,,,,,,,,,,,,,,,
,,,,,,,,,,,,,,,,,,,,,,,,,
,,,,,,,,,,,,,,,,,,,,,,,,,
,,,,,,,,,,,,,,,,,,,,,,,,,
,,,,,,,,,,,,,,,,,,,,,,,,,
,,,,,,,,,,,,,,,,,,,,,,,,,
,,,,,,,,,,,,,,,,,,,,,,,,,
,,,,,,,,,,,,,,,,,,,,,,,,,
,,,,,,,,,,,,,,,,,,,,,,,,,
,,,,,,,,,,,,,,,,,,,,,,,,,
,,,,,,,,,,,,,,,,,,,,,,,,,
,,,,,,,,,,,,,,,,,,,,,,,,,
,,,,,,,,,,,,,,,,,,,,,,,,,
,,,,,,,,,,,,,,,,,,,,,,,,,
,,,,,,,,,,,,,,,,,,,,,,,,,
,,,,,,,,,,,,,,,,,,,,,,,,,
,,,,,,,,,,,,,,,,,,,,,,,,,
,,,,,,,,,,,,,,,,,,,,,,,,,
,,,,,,,,,,,,,,,,,,,,,,,,,
,,,,,,,,,,,,,,,,,,,,,,,,,
,,,,,,,,,,,,,,,,,,,,,,,,,
,,,,,,,,,,,,,,,,,,,,,,,,,
,,,,,,,,,,,,,,,,,,,,,,,,,
,,,,,,,,,,,,,,,,,,,,,,,,,
,,,,,,,,,,,,,,,,,,,,,,,,,
,,,,,,,,,,,,,,,,,,,,,,,,,
,,,,,,,,,,,,,,,,,,,,,,,,,
,,,,,,,,,,,,,,,,,,,,,,,,,
,,,,,,,,,,,,,,,,,,,,,,,,,
,,,,,,,,,,,,,,,,,,,,,,,,,
,,,,,,,,,,,,,,,,,,,,,,,,,
,,,,,,,,,,,,,,,,,,,,,,,,,
,,,,,,,,,,,,,,,,,,,,,,,,,
,,,,,,,,,,,,,,,,,,,,,,,,,
,,,,,,,,,,,,,,,,,,,,,,,,,
,,,,,,,,,,,,,,,,,,,,,,,,,
,,,,,,,,,,,,,,,,,,,,,,,,,
,,,,,,,,,,,,,,,,,,,,,,,,,
,,,,,,,,,,,,,,,,,,,,,,,,,
,,,,,,,,,,,,,,,,,,,,,,,,,
,,,,,,,,,,,,,,,,,,,,,,,,,
,,,,,,,,,,,,,,,,,,,,,,,,,
,,,,,,,,,,,,,,,,,,,,,,,,,
,,,,,,,,,,,,,,,,,,,,,,,,,
,,,,,,,,,,,,,,,,,,,,,,,,,
,,,,,,,,,,,,,,,,,,,,,,,,,
,,,,,,,,,,,,,,,,,,,,,,,,,
,,,,,,,,,,,,,,,,,,,,,,,,,
,,,,,,,,,,,,,,,,,,,,,,,,,
,,,,,,,,,,,,,,,,,,,,,,,,,
,,,,,,,,,,,,,,,,,,,,,,,,,
,,,,,,,,,,,,,,,,,,,,,,,,,
,,,,,,,,,,,,,,,,,,,,,,,,,
,,,,,,,,,,,,,,,,,,,,,,,,,
,,,,,,,,,,,,,,,,,,,,,,,,,
,,,,,,,,,,,,,,,,,,,,,,,,,
,,,,,,,,,,,,,,,,,,,,,,,,,
,,,,,,,,,,,,,,,,,,,,,,,,,
,,,,,,,,,,,,,,,,,,,,,,,,,
,,,,,,,,,,,,,,,,,,,,,,,,,
,,,,,,,,,,,,,,,,,,,,,,,,,
,,,,,,,,,,,,,,,,,,,,,,,,,
,,,,,,,,,,,,,,,,,,,,,,,,,
,,,,,,,,,,,,,,,,,,,,,,,,,
,,,,,,,,,,,,,,,,,,,,,,,,,
,,,,,,,,,,,,,,,,,,,,,,,,,
,,,,,,,,,,,,,,,,,,,,,,,,,
,,,,,,,,,,,,,,,,,,,,,,,,,
,,,,,,,,,,,,,,,,,,,,,,,,,
,,,,,,,,,,,,,,,,,,,,,,,,,
,,,,,,,,,,,,,,,,,,,,,,,,,
,,,,,,,,,,,,,,,,,,,,,,,,,
,,,,,,,,,,,,,,,,,,,,,,,,,
,,,,,,,,,,,,,,,,,,,,,,,,,
,,,,,,,,,,,,,,,,,,,,,,,,,
,,,,,,,,,,,,,,,,,,,,,,,,,
,,,,,,,,,,,,,,,,,,,,,,,,,
,,,,,,,,,,,,,,,,,,,,,,,,,
,,,,,,,,,,,,,,,,,,,,,,,,,
,,,,,,,,,,,,,,,,,,,,,,,,,
,,,,,,,,,,,,,,,,,,,,,,,,,
,,,,,,,,,,,,,,,,,,,,,,,,,
,,,,,,,,,,,,,,,,,,,,,,,,,
,,,,,,,,,,,,,,,,,,,,,,,,,
,,,,,,,,,,,,,,,,,,,,,,,,,
,,,,,,,,,,,,,,,,,,,,,,,,,
,,,,,,,,,,,,,,,,,,,,,,,,,
,,,,,,,,,,,,,,,,,,,,,,,,,
,,,,,,,,,,,,,,,,,,,,,,,,,
,,,,,,,,,,,,,,,,,,,,,,,,,
,,,,,,,,,,,,,,,,,,,,,,,,,
,,,,,,,,,,,,,,,,,,,,,,,,,
,,,,,,,,,,,,,,,,,,,,,,,,,
,,,,,,,,,,,,,,,,,,,,,,,,,
,,,,,,,,,,,,,,,,,,,,,,,,,
,,,,,,,,,,,,,,,,,,,,,,,,,
,,,,,,,,,,,,,,,,,,,,,,,,,
,,,,,,,,,,,,,,,,,,,,,,,,,
,,,,,,,,,,,,,,,,,,,,,,,,,
,,,,,,,,,,,,,,,,,,,,,,,,,
,,,,,,,,,,,,,,,,,,,,,,,,,
,,,,,,,,,,,,,,,,,,,,,,,,,
,,,,,,,,,,,,,,,,,,,,,,,,,
,,,,,,,,,,,,,,,,,,,,,,,,,
,,,,,,,,,,,,,,,,,,,,,,,,,
,,,,,,,,,,,,,,,,,,,,,,,,,
,,,,,,,,,,,,,,,,,,,,,,,,,
,,,,,,,,,,,,,,,,,,,,,,,,,
,,,,,,,,,,,,,,,,,,,,,,,,,
,,,,,,,,,,,,,,,,,,,,,,,,,
,,,,,,,,,,,,,,,,,,,,,,,,,
,,,,,,,,,,,,,,,,,,,,,,,,,
,,,,,,,,,,,,,,,,,,,,,,,,,
,,,,,,,,,,,,,,,,,,,,,,,,,
,,,,,,,,,,,,,,,,,,,,,,,,,
,,,,,,,,,,,,,,,,,,,,,,,,,
,,,,,,,,,,,,,,,,,,,,,,,,,
,,,,,,,,,,,,,,,,,,,,,,,,,
,,,,,,,,,,,,,,,,,,,,,,,,,
,,,,,,,,,,,,,,,,,,,,,,,,,
,,,,,,,,,,,,,,,,,,,,,,,,,
,,,,,,,,,,,,,,,,,,,,,,,,,
,,,,,,,,,,,,,,,,,,,,,,,,,
,,,,,,,,,,,,,,,,,,,,,,,,,
,,,,,,,,,,,,,,,,,,,,,,,,,
,,,,,,,,,,,,,,,,,,,,,,,,,
,,,,,,,,,,,,,,,,,,,,,,,,,
,,,,,,,,,,,,,,,,,,,,,,,,,
,,,,,,,,,,,,,,,,,,,,,,,,,
,,,,,,,,,,,,,,,,,,,,,,,,,
,,,,,,,,,,,,,,,,,,,,,,,,,
,,,,,,,,,,,,,,,,,,,,,,,,,
,,,,,,,,,,,,,,,,,,,,,,,,,
,,,,,,,,,,,,,,,,,,,,,,,,,
,,,,,,,,,,,,,,,,,,,,,,,,,
,,,,,,,,,,,,,,,,,,,,,,,,,
,,,,,,,,,,,,,,,,,,,,,,,,,
,,,,,,,,,,,,,,,,,,,,,,,,,
,,,,,,,,,,,,,,,,,,,,,,,,,
,,,,,,,,,,,,,,,,,,,,,,,,,
,,,,,,,,,,,,,,,,,,,,,,,,,
,,,,,,,,,,,,,,,,,,,,,,,,,
,,,,,,,,,,,,,,,,,,,,,,,,,
,,,,,,,,,,,,,,,,,,,,,,,,,
,,,,,,,,,,,,,,,,,,,,,,,,,
,,,,,,,,,,,,,,,,,,,,,,,,,
,,,,,,,,,,,,,,,,,,,,,,,,,
,,,,,,,,,,,,,,,,,,,,,,,,,
,,,,,,,,,,,,,,,,,,,,,,,,,
,,,,,,,,,,,,,,,,,,,,,,,,,
,,,,,,,,,,,,,,,,,,,,,,,,,
,,,,,,,,,,,,,,,,,,,,,,,,,
,,,,,,,,,,,,,,,,,,,,,,,,,
,,,,,,,,,,,,,,,,,,,,,,,,,
,,,,,,,,,,,,,,,,,,,,,,,,,
,,,,,,,,,,,,,,,,,,,,,,,,,
,,,,,,,,,,,,,,,,,,,,,,,,,
,,,,,,,,,,,,,,,,,,,,,,,,,
,,,,,,,,,,,,,,,,,,,,,,,,,
,,,,,,,,,,,,,,,,,,,,,,,,,
,,,,,,,,,,,,,,,,,,,,,,,,,
,,,,,,,,,,,,,,,,,,,,,,,,,
,,,,,,,,,,,,,,,,,,,,,,,,,
,,,,,,,,,,,,,,,,,,,,,,,,,
,,,,,,,,,,,,,,,,,,,,,,,,,
,,,,,,,,,,,,,,,,,,,,,,,,,
,,,,,,,,,,,,,,,,,,,,,,,,,
,,,,,,,,,,,,,,,,,,,,,,,,,
,,,,,,,,,,,,,,,,,,,,,,,,,
,,,,,,,,,,,,,,,,,,,,,,,,,
,,,,,,,,,,,,,,,,,,,,,,,,,
,,,,,,,,,,,,,,,,,,,,,,,,,
,,,,,,,,,,,,,,,,,,,,,,,,,
,,,,,,,,,,,,,,,,,,,,,,,,,
,,,,,,,,,,,,,,,,,,,,,,,,,
,,,,,,,,,,,,,,,,,,,,,,,,,
,,,,,,,,,,,,,,,,,,,,,,,,,
,,,,,,,,,,,,,,,,,,,,,,,,,
,,,,,,,,,,,,,,,,,,,,,,,,,
,,,,,,,,,,,,,,,,,,,,,,,,,
,,,,,,,,,,,,,,,,,,,,,,,,,
,,,,,,,,,,,,,,,,,,,,,,,,,
,,,,,,,,,,,,,,,,,,,,,,,,,
,,,,,,,,,,,,,,,,,,,,,,,,,
,,,,,,,,,,,,,,,,,,,,,,,,,
,,,,,,,,,,,,,,,,,,,,,,,,,
,,,,,,,,,,,,,,,,,,,,,,,,,
,,,,,,,,,,,,,,,,,,,,,,,,,
,,,,,,,,,,,,,,,,,,,,,,,,,
,,,,,,,,,,,,,,,,,,,,,,,,,
,,,,,,,,,,,,,,,,,,,,,,,,,
,,,,,,,,,,,,,,,,,,,,,,,,,
,,,,,,,,,,,,,,,,,,,,,,,,,
,,,,,,,,,,,,,,,,,,,,,,,,,
,,,,,,,,,,,,,,,,,,,,,,,,,
,,,,,,,,,,,,,,,,,,,,,,,,,
,,,,,,,,,,,,,,,,,,,,,,,,,
,,,,,,,,,,,,,,,,,,,,,,,,,
,,,,,,,,,,,,,,,,,,,,,,,,,
,,,,,,,,,,,,,,,,,,,,,,,,,
,,,,,,,,,,,,,,,,,,,,,,,,,
,,,,,,,,,,,,,,,,,,,,,,,,,
,,,,,,,,,,,,,,,,,,,,,,,,,
,,,,,,,,,,,,,,,,,,,,,,,,,
,,,,,,,,,,,,,,,,,,,,,,,,,
,,,,,,,,,,,,,,,,,,,,,,,,,
,,,,,,,,,,,,,,,,,,,,,,,,,
,,,,,,,,,,,,,,,,,,,,,,,,,
,,,,,,,,,,,,,,,,,,,,,,,,,
,,,,,,,,,,,,,,,,,,,,,,,,,
,,,,,,,,,,,,,,,,,,,,,,,,,
,,,,,,,,,,,,,,,,,,,,,,,,,
,,,,,,,,,,,,,,,,,,,,,,,,,
,,,,,,,,,,,,,,,,,,,,,,,,,
,,,,,,,,,,,,,,,,,,,,,,,,,
,,,,,,,,,,,,,,,,,,,,,,,,,
,,,,,,,,,,,,,,,,,,,,,,,,,
,,,,,,,,,,,,,,,,,,,,,,,,,
,,,,,,,,,,,,,,,,,,,,,,,,,
,,,,,,,,,,,,,,,,,,,,,,,,,
,,,,,,,,,,,,,,,,,,,,,,,,,
,,,,,,,,,,,,,,,,,,,,,,,,,
,,,,,,,,,,,,,,,,,,,,,,,,,
,,,,,,,,,,,,,,,,,,,,,,,,,
,,,,,,,,,,,,,,,,,,,,,,,,,
,,,,,,,,,,,,,,,,,,,,,,,,,
,,,,,,,,,,,,,,,,,,,,,,,,,
,,,,,,,,,,,,,,,,,,,,,,,,,
,,,,,,,,,,,,,,,,,,,,,,,,,
,,,,,,,,,,,,,,,,,,,,,,,,,
,,,,,,,,,,,,,,,,,,,,,,,,,
,,,,,,,,,,,,,,,,,,,,,,,,,
,,,,,,,,,,,,,,,,,,,,,,,,,
,,,,,,,,,,,,,,,,,,,,,,,,,
,,,,,,,,,,,,,,,,,,,,,,,,,
,,,,,,,,,,,,,,,,,,,,,,,,,
,,,,,,,,,,,,,,,,,,,,,,,,,
,,,,,,,,,,,,,,,,,,,,,,,,,
,,,,,,,,,,,,,,,,,,,,,,,,,
,,,,,,,,,,,,,,,,,,,,,,,,,
,,,,,,,,,,,,,,,,,,,,,,,,,
,,,,,,,,,,,,,,,,,,,,,,,,,
,,,,,,,,,,,,,,,,,,,,,,,,,
,,,,,,,,,,,,,,,,,,,,,,,,,
,,,,,,,,,,,,,,,,,,,,,,,,,
,,,,,,,,,,,,,,,,,,,,,,,,,
,,,,,,,,,,,,,,,,,,,,,,,,,
,,,,,,,,,,,,,,,,,,,,,,,,,
,,,,,,,,,,,,,,,,,,,,,,,,,
,,,,,,,,,,,,,,,,,,,,,,,,,
,,,,,,,,,,,,,,,,,,,,,,,,,
,,,,,,,,,,,,,,,,,,,,,,,,,
,,,,,,,,,,,,,,,,,,,,,,,,,
,,,,,,,,,,,,,,,,,,,,,,,,,
,,,,,,,,,,,,,,,,,,,,,,,,,
,,,,,,,,,,,,,,,,,,,,,,,,,
,,,,,,,,,,,,,,,,,,,,,,,,,
,,,,,,,,,,,,,,,,,,,,,,,,,
,,,,,,,,,,,,,,,,,,,,,,,,,
,,,,,,,,,,,,,,,,,,,,,,,,,
,,,,,,,,,,,,,,,,,,,,,,,,,
,,,,,,,,,,,,,,,,,,,,,,,,,
,,,,,,,,,,,,,,,,,,,,,,,,,
,,,,,,,,,,,,,,,,,,,,,,,,,
,,,,,,,,,,,,,,,,,,,,,,,,,
,,,,,,,,,,,,,,,,,,,,,,,,,
,,,,,,,,,,,,,,,,,,,,,,,,,
,,,,,,,,,,,,,,,,,,,,,,,,,
,,,,,,,,,,,,,,,,,,,,,,,,,
,,,,,,,,,,,,,,,,,,,,,,,,,
,,,,,,,,,,,,,,,,,,,,,,,,,
,,,,,,,,,,,,,,,,,,,,,,,,,
,,,,,,,,,,,,,,,,,,,,,,,,,
,,,,,,,,,,,,,,,,,,,,,,,,,
,,,,,,,,,,,,,,,,,,,,,,,,,
,,,,,,,,,,,,,,,,,,,,,,,,,
,,,,,,,,,,,,,,,,,,,,,,,,,
,,,,,,,,,,,,,,,,,,,,,,,,,
,,,,,,,,,,,,,,,,,,,,,,,,,
,,,,,,,,,,,,,,,,,,,,,,,,,
,,,,,,,,,,,,,,,,,,,,,,,,,
,,,,,,,,,,,,,,,,,,,,,,,,,
,,,,,,,,,,,,,,,,,,,,,,,,,
,,,,,,,,,,,,,,,,,,,,,,,,,
,,,,,,,,,,,,,,,,,,,,,,,,,
,,,,,,,,,,,,,,,,,,,,,,,,,
,,,,,,,,,,,,,,,,,,,,,,,,,
,,,,,,,,,,,,,,,,,,,,,,,,,
,,,,,,,,,,,,,,,,,,,,,,,,,
,,,,,,,,,,,,,,,,,,,,,,,,,
,,,,,,,,,,,,,,,,,,,,,,,,,
,,,,,,,,,,,,,,,,,,,,,,,,,
,,,,,,,,,,,,,,,,,,,,,,,,,
,,,,,,,,,,,,,,,,,,,,,,,,,
,,,,,,,,,,,,,,,,,,,,,,,,,
,,,,,,,,,,,,,,,,,,,,,,,,,
,,,,,,,,,,,,,,,,,,,,,,,,,
,,,,,,,,,,,,,,,,,,,,,,,,,
,,,,,,,,,,,,,,,,,,,,,,,,,
,,,,,,,,,,,,,,,,,,,,,,,,,
,,,,,,,,,,,,,,,,,,,,,,,,,
,,,,,,,,,,,,,,,,,,,,,,,,,
,,,,,,,,,,,,,,,,,,,,,,,,,
,,,,,,,,,,,,,,,,,,,,,,,,,
,,,,,,,,,,,,,,,,,,,,,,,,,
,,,,,,,,,,,,,,,,,,,,,,,,,
,,,,,,,,,,,,,,,,,,,,,,,,,
,,,,,,,,,,,,,,,,,,,,,,,,,
,,,,,,,,,,,,,,,,,,,,,,,,,
,,,,,,,,,,,,,,,,,,,,,,,,,
,,,,,,,,,,,,,,,,,,,,,,,,,
,,,,,,,,,,,,,,,,,,,,,,,,,
,,,,,,,,,,,,,,,,,,,,,,,,,
,,,,,,,,,,,,,,,,,,,,,,,,,
,,,,,,,,,,,,,,,,,,,,,,,,,
,,,,,,,,,,,,,,,,,,,,,,,,,
,,,,,,,,,,,,,,,,,,,,,,,,,
,,,,,,,,,,,,,,,,,,,,,,,,,
,,,,,,,,,,,,,,,,,,,,,,,,,
,,,,,,,,,,,,,,,,,,,,,,,,,
,,,,,,,,,,,,,,,,,,,,,,,,,
,,,,,,,,,,,,,,,,,,,,,,,,,
,,,,,,,,,,,,,,,,,,,,,,,,,
,,,,,,,,,,,,,,,,,,,,,,,,,
,,,,,,,,,,,,,,,,,,,,,,,,,
,,,,,,,,,,,,,,,,,,,,,,,,,
,,,,,,,,,,,,,,,,,,,,,,,,,
,,,,,,,,,,,,,,,,,,,,,,,,,
,,,,,,,,,,,,,,,,,,,,,,,,,
,,,,,,,,,,,,,,,,,,,,,,,,,
,,,,,,,,,,,,,,,,,,,,,,,,,
,,,,,,,,,,,,,,,,,,,,,,,,,
,,,,,,,,,,,,,,,,,,,,,,,,,
,,,,,,,,,,,,,,,,,,,,,,,,,
,,,,,,,,,,,,,,,,,,,,,,,,,
,,,,,,,,,,,,,,,,,,,,,,,,,
,,,,,,,,,,,,,,,,,,,,,,,,,
,,,,,,,,,,,,,,,,,,,,,,,,,
,,,,,,,,,,,,,,,,,,,,,,,,,
,,,,,,,,,,,,,,,,,,,,,,,,,
,,,,,,,,,,,,,,,,,,,,,,,,,
,,,,,,,,,,,,,,,,,,,,,,,,,
,,,,,,,,,,,,,,,,,,,,,,,,,
,,,,,,,,,,,,,,,,,,,,,,,,,
,,,,,,,,,,,,,,,,,,,,,,,,,
,,,,,,,,,,,,,,,,,,,,,,,,,
,,,,,,,,,,,,,,,,,,,,,,,,,
,,,,,,,,,,,,,,,,,,,,,,,,,
,,,,,,,,,,,,,,,,,,,,,,,,,
,,,,,,,,,,,,,,,,,,,,,,,,,
,,,,,,,,,,,,,,,,,,,,,,,,,
,,,,,,,,,,,,,,,,,,,,,,,,,
,,,,,,,,,,,,,,,,,,,,,,,,,
,,,,,,,,,,,,,,,,,,,,,,,,,
,,,,,,,,,,,,,,,,,,,,,,,,,
,,,,,,,,,,,,,,,,,,,,,,,,,
,,,,,,,,,,,,,,,,,,,,,,,,,
,,,,,,,,,,,,,,,,,,,,,,,,,
,,,,,,,,,,,,,,,,,,,,,,,,,
,,,,,,,,,,,,,,,,,,,,,,,,,
,,,,,,,,,,,,,,,,,,,,,,,,,
,,,,,,,,,,,,,,,,,,,,,,,,,
,,,,,,,,,,,,,,,,,,,,,,,,,
,,,,,,,,,,,,,,,,,,,,,,,,,
,,,,,,,,,,,,,,,,,,,,,,,,,
,,,,,,,,,,,,,,,,,,,,,,,,,
,,,,,,,,,,,,,,,,,,,,,,,,,
,,,,,,,,,,,,,,,,,,,,,,,,,
,,,,,,,,,,,,,,,,,,,,,,,,,
,,,,,,,,,,,,,,,,,,,,,,,,,
,,,,,,,,,,,,,,,,,,,,,,,,,
,,,,,,,,,,,,,,,,,,,,,,,,,
,,,,,,,,,,,,,,,,,,,,,,,,,
,,,,,,,,,,,,,,,,,,,,,,,,,
,,,,,,,,,,,,,,,,,,,,,,,,,
,,,,,,,,,,,,,,,,,,,,,,,,,
,,,,,,,,,,,,,,,,,,,,,,,,,
,,,,,,,,,,,,,,,,,,,,,,,,,
,,,,,,,,,,,,,,,,,,,,,,,,,
,,,,,,,,,,,,,,,,,,,,,,,,,
,,,,,,,,,,,,,,,,,,,,,,,,,
,,,,,,,,,,,,,,,,,,,,,,,,,
,,,,,,,,,,,,,,,,,,,,,,,,,
,,,,,,,,,,,,,,,,,,,,,,,,,
,,,,,,,,,,,,,,,,,,,,,,,,,
,,,,,,,,,,,,,,,,,,,,,,,,,
,,,,,,,,,,,,,,,,,,,,,,,,,
,,,,,,,,,,,,,,,,,,,,,,,,,
,,,,,,,,,,,,,,,,,,,,,,,,,
,,,,,,,,,,,,,,,,,,,,,,,,,
,,,,,,,,,,,,,,,,,,,,,,,,,
,,,,,,,,,,,,,,,,,,,,,,,,,
,,,,,,,,,,,,,,,,,,,,,,,,,
,,,,,,,,,,,,,,,,,,,,,,,,,
,,,,,,,,,,,,,,,,,,,,,,,,,
,,,,,,,,,,,,,,,,,,,,,,,,,
,,,,,,,,,,,,,,,,,,,,,,,,,
,,,,,,,,,,,,,,,,,,,,,,,,,
,,,,,,,,,,,,,,,,,,,,,,,,,
,,,,,,,,,,,,,,,,,,,,,,,,,
,,,,,,,,,,,,,,,,,,,,,,,,,
,,,,,,,,,,,,,,,,,,,,,,,,,
,,,,,,,,,,,,,,,,,,,,,,,,,
,,,,,,,,,,,,,,,,,,,,,,,,,
,,,,,,,,,,,,,,,,,,,,,,,,,
,,,,,,,,,,,,,,,,,,,,,,,,,
,,,,,,,,,,,,,,,,,,,,,,,,,
,,,,,,,,,,,,,,,,,,,,,,,,,
,,,,,,,,,,,,,,,,,,,,,,,,,
,,,,,,,,,,,,,,,,,,,,,,,,,
,,,,,,,,,,,,,,,,,,,,,,,,,
,,,,,,,,,,,,,,,,,,,,,,,,,
,,,,,,,,,,,,,,,,,,,,,,,,,
,,,,,,,,,,,,,,,,,,,,,,,,,
,,,,,,,,,,,,,,,,,,,,,,,,,
,,,,,,,,,,,,,,,,,,,,,,,,,
,,,,,,,,,,,,,,,,,,,,,,,,,
,,,,,,,,,,,,,,,,,,,,,,,,,
,,,,,,,,,,,,,,,,,,,,,,,,,
,,,,,,,,,,,,,,,,,,,,,,,,,
,,,,,,,,,,,,,,,,,,,,,,,,,
,,,,,,,,,,,,,,,,,,,,,,,,,
,,,,,,,,,,,,,,,,,,,,,,,,,
,,,,,,,,,,,,,,,,,,,,,,,,,
,,,,,,,,,,,,,,,,,,,,,,,,,
,,,,,,,,,,,,,,,,,,,,,,,,,
,,,,,,,,,,,,,,,,,,,,,,,,,
,,,,,,,,,,,,,,,,,,,,,,,,,
,,,,,,,,,,,,,,,,,,,,,,,,,
,,,,,,,,,,,,,,,,,,,,,,,,,
,,,,,,,,,,,,,,,,,,,,,,,,,
